"","Expiry","Texp","Strike","Bid","Ask","Fwd","CallMid"
"1",2010-02-20,0.0410677618069815,300,NA,1.98191960648561,1062.041010968,NA
"2",2010-02-20,0.0410677618069815,350,NA,1.74709193220291,1062.041010968,NA
"3",2010-02-20,0.0410677618069815,400,NA,1.54417691593423,1062.041010968,NA
"4",2010-02-20,0.0410677618069815,450,NA,1.36537007130295,1062.041010968,NA
"5",2010-02-20,0.0410677618069815,475,NA,1.28328432650582,1062.041010968,NA
"6",2010-02-20,0.0410677618069815,500,NA,1.20537465890875,1062.041010968,NA
"7",2010-02-20,0.0410677618069815,520,NA,1.14576299880114,1062.041010968,NA
"8",2010-02-20,0.0410677618069815,525,NA,1.13121162097515,1062.041010968,NA
"9",2010-02-20,0.0410677618069815,540,NA,1.08835634456953,1062.041010968,NA
"10",2010-02-20,0.0410677618069815,550,NA,1.06042577275575,1062.041010968,NA
"11",2010-02-20,0.0410677618069815,560,NA,1.032983832864,1062.041010968,NA
"12",2010-02-20,0.0410677618069815,575,NA,0.992696682386883,1062.041010968,NA
"13",2010-02-20,0.0410677618069815,580,NA,0.979492400382862,1062.041010968,NA
"14",2010-02-20,0.0410677618069815,600,NA,0.927744262753322,1062.041010968,NA
"15",2010-02-20,0.0410677618069815,605,NA,0.915064751916261,1062.041010968,NA
"16",2010-02-20,0.0410677618069815,610,NA,0.902484522830517,1062.041010968,NA
"17",2010-02-20,0.0410677618069815,615,NA,0.890001788229861,1062.041010968,NA
"18",2010-02-20,0.0410677618069815,620,NA,0.877614801738948,1062.041010968,NA
"19",2010-02-20,0.0410677618069815,625,NA,0.865321857000196,1062.041010968,NA
"20",2010-02-20,0.0410677618069815,630,NA,0.853121285927565,1062.041010968,NA
"21",2010-02-20,0.0410677618069815,635,NA,0.841011457396875,1062.041010968,NA
"22",2010-02-20,0.0410677618069815,640,NA,0.828990775936142,1062.041010968,NA
"23",2010-02-20,0.0410677618069815,645,NA,0.817057680706937,1062.041010968,NA
"24",2010-02-20,0.0410677618069815,650,NA,0.805210644049201,1062.041010968,NA
"25",2010-02-20,0.0410677618069815,655,NA,0.793448169880528,1062.041010968,NA
"26",2010-02-20,0.0410677618069815,660,NA,0.781768793841689,1062.041010968,NA
"27",2010-02-20,0.0410677618069815,665,NA,0.770171080677285,1062.041010968,NA
"28",2010-02-20,0.0410677618069815,670,NA,0.758653624235748,1062.041010968,NA
"29",2010-02-20,0.0410677618069815,675,NA,0.747215046159668,1062.041010968,NA
"30",2010-02-20,0.0410677618069815,680,NA,0.735853994285081,1062.041010968,NA
"31",2010-02-20,0.0410677618069815,685,NA,0.72456914278699,1062.041010968,NA
"32",2010-02-20,0.0410677618069815,690,NA,0.713359190142098,1062.041010968,NA
"33",2010-02-20,0.0410677618069815,695,NA,0.702222858983287,1062.041010968,NA
"34",2010-02-20,0.0410677618069815,700,NA,0.691158894789943,1062.041010968,NA
"35",2010-02-20,0.0410677618069815,705,NA,0.724959327801098,1062.041010968,NA
"36",2010-02-20,0.0410677618069815,710,NA,0.765883204022912,1062.041010968,NA
"37",2010-02-20,0.0410677618069815,715,NA,0.731056859532976,1062.041010968,NA
"38",2010-02-20,0.0410677618069815,720,NA,0.719238799376438,1062.041010968,NA
"39",2010-02-20,0.0410677618069815,725,NA,0.636882163110339,1062.041010968,NA
"40",2010-02-20,0.0410677618069815,730,NA,0.717498503674562,1062.041010968,NA
"41",2010-02-20,0.0410677618069815,735,NA,0.705581868116672,1062.041010968,NA
"42",2010-02-20,0.0410677618069815,740,NA,0.672669700309193,1062.041010968,NA
"43",2010-02-20,0.0410677618069815,745,NA,0.661197010506549,1062.041010968,NA
"44",2010-02-20,0.0410677618069815,750,NA,0.649789731417338,1062.041010968,NA
"45",2010-02-20,0.0410677618069815,755,NA,0.638446677933581,1062.041010968,NA
"46",2010-02-20,0.0410677618069815,760,NA,0.62716667760747,1062.041010968,NA
"47",2010-02-20,0.0410677618069815,765,NA,0.615948571087919,1062.041010968,NA
"48",2010-02-20,0.0410677618069815,770,NA,0.580061536769402,1062.041010968,NA
"49",2010-02-20,0.0410677618069815,775,NA,0.569353588529058,1062.041010968,NA
"50",2010-02-20,0.0410677618069815,780,NA,0.601300557048798,1062.041010968,NA
"51",2010-02-20,0.0410677618069815,785,NA,0.571672275130973,1062.041010968,NA
"52",2010-02-20,0.0410677618069815,790,0.503067096455579,0.578799773523849,1062.041010968,272.166189794786
"53",2010-02-20,0.0410677618069815,795,0.493164113454012,0.567634137427113,1062.041010968,267.166189794906
"54",2010-02-20,0.0410677618069815,800,0.516647907956458,0.539059628958079,1062.041010968,262.16618979494
"55",2010-02-20,0.0410677618069815,805,0.506266211618263,0.545466671486751,1062.041010968,257.191225560338
"56",2010-02-20,0.0410677618069815,810,0.495935230305348,0.534462570962273,1062.041010968,252.191225560382
"57",2010-02-20,0.0410677618069815,815,0.485653929085503,0.537346871009543,1062.041010968,247.216261325691
"58",2010-02-20,0.0410677618069815,820,0.475421275063785,0.526205020600323,1062.041010968,242.216261325713
"59",2010-02-20,0.0410677618069815,825,0.465236235345252,0.515113056630332,1062.041010968,237.216261325623
"60",2010-02-20,0.0410677618069815,830,0.475234616919557,0.51545553901113,1062.041010968,232.266332856378
"61",2010-02-20,0.0410677618069815,835,0.4801930606706,0.50425528157976,1062.041010968,227.291368621744
"62",2010-02-20,0.0410677618069815,840,0.469481393251762,0.502876491104346,1062.041010968,222.316404387184
"63",2010-02-20,0.0410677618069815,845,0.443963296152169,0.491588666213416,1062.041010968,217.291368622047
"64",2010-02-20,0.0410677618069815,850,0.470929926109214,0.480345352575268,1062.041010968,212.36647591795
"65",2010-02-20,0.0410677618069815,855,0.44954265993966,0.499051612736788,1062.041010968,207.441583213731
"66",2010-02-20,0.0410677618069815,860,0.438766595639324,0.473753167920897,1062.041010968,202.391511683255
"67",2010-02-20,0.0410677618069815,865,0.437991418171019,0.46232801296798,1062.041010968,197.416547448746
"68",2010-02-20,0.0410677618069815,870,0.435791109071178,0.463992358586301,1062.041010968,192.491654744674
"69",2010-02-20,0.0410677618069815,875,0.432483610952837,0.44619949929715,1062.041010968,187.491654744908
"70",2010-02-20,0.0410677618069815,880,0.434753130416694,0.44652306098673,1062.041010968,182.591797806136
"71",2010-02-20,0.0410677618069815,885,0.394614352722431,0.471559686434163,1062.041010968,177.691940867708
"72",2010-02-20,0.0410677618069815,890,0.399092615139637,0.442635152162515,1062.041010968,172.64186933689
"73",2010-02-20,0.0410677618069815,895,0.39455256048824,0.434901743742711,1062.041010968,167.691940867452
"74",2010-02-20,0.0410677618069815,900,0.409798616333724,0.422839885746091,1062.041010968,162.817119694584
"75",2010-02-20,0.0410677618069815,905,0.388564776245111,0.435989731654588,1062.041010968,157.942298520886
"76",2010-02-20,0.0410677618069815,910,0.372054215282206,0.423428609815615,1062.041010968,152.917262756933
"77",2010-02-20,0.0410677618069815,915,0.365575821511749,0.397740130888977,1062.041010968,147.842155459803
"78",2010-02-20,0.0410677618069815,920,0.358638163330404,0.410023824247622,1062.041010968,143.067477349051
"79",2010-02-20,0.0410677618069815,925,0.382848995528313,0.405198136164014,1062.041010968,138.392942298311
"80",2010-02-20,0.0410677618069815,930,0.3674122956235,0.397198546293643,1062.041010968,133.417978064727
"81",2010-02-20,0.0410677618069815,935,0.355078674643707,0.384145730955176,1062.041010968,128.41797806472
"82",2010-02-20,0.0410677618069815,940,0.342752978345909,0.382238221960277,1062.041010968,123.543156890478
"83",2010-02-20,0.0410677618069815,945,0.330431830685773,0.36249481624142,1062.041010968,118.468049594924
"84",2010-02-20,0.0410677618069815,950,0.349330038612707,0.35761601177548,1062.041010968,113.893657606284
"85",2010-02-20,0.0410677618069815,955,0.327586248919351,0.366176113189727,1062.041010968,109.093943729813
"86",2010-02-20,0.0410677618069815,960,0.314635404817174,0.350517369684983,1062.041010968,104.06890796447
"87",2010-02-20,0.0410677618069815,965,0.307787387161231,0.355258957593874,1062.041010968,99.4444444451396
"88",2010-02-20,0.0410677618069815,970,0.307504424733061,0.33489443771602,1062.041010968,94.5195517387543
"89",2010-02-20,0.0410677618069815,975,0.316117804929013,0.334484190558463,1062.041010968,90.1204101084751
"90",2010-02-20,0.0410677618069815,980,0.301815790905159,0.337297999673176,1062.041010968,85.4709108254141
"91",2010-02-20,0.0410677618069815,985,0.294304647710956,0.328887036763567,1062.041010968,80.7463042436202
"92",2010-02-20,0.0410677618069815,990,0.297084464133772,0.31097620000449,1062.041010968,76.0467334270458
"93",2010-02-20,0.0410677618069815,995,0.284098959697828,0.318267439166859,1062.041010968,71.6475917996004
"94",2010-02-20,0.0410677618069815,1000,0.293848474854458,0.299800459203338,1062.041010968,67.19837863371
"95",2010-02-20,0.0410677618069815,1005,0.275483560569157,0.305307040277143,1062.041010968,62.7491654727899
"96",2010-02-20,0.0410677618069815,1010,0.2701006282832,0.299821585528347,1062.041010968,58.4000953740642
"97",2010-02-20,0.0410677618069815,1015,0.26683035949374,0.29151246303331,1062.041010968,54.1010968067735
"98",2010-02-20,0.0410677618069815,1020,0.27449644187703,0.286754777795794,1062.041010968,50.352885071566
"99",2010-02-20,0.0410677618069815,1025,0.265984898748708,0.280572245416685,1062.041010968,46.1540295630499
"100",2010-02-20,0.0410677618069815,1030,0.253462149437077,0.277159252024743,1062.041010968,42.0052455922777
"101",2010-02-20,0.0410677618069815,1035,0.248089144322169,0.272074232077066,1062.041010968,38.1568907947681
"102",2010-02-20,0.0410677618069815,1040,0.250042884897268,0.267922665395422,1062.041010968,34.7591797802796
"103",2010-02-20,0.0410677618069815,1045,0.238503895259172,0.263251603925761,1062.041010968,30.9608965178207
"104",2010-02-20,0.0410677618069815,1050,0.239921999479805,0.251966854727635,1062.041010968,27.5631855006949
"105",2010-02-20,0.0410677618069815,1055,0.227194525675671,0.255549818563978,1062.041010968,24.3657606101329
"106",2010-02-20,0.0410677618069815,1060,0.230034134754007,0.242890087417691,1062.041010968,21.3185503101735
"107",2010-02-20,0.0410677618069815,1065,0.218286616025172,0.246296275606476,1062.041010968,18.5264663823543
"108",2010-02-20,0.0410677618069815,1070,0.217373546645432,0.23857031427481,1062.041010968,15.9227467789845
"109",2010-02-20,0.0410677618069815,1075,0.211520431937629,0.224765156478934,1062.041010968,13.068669524975
"110",2010-02-20,0.0410677618069815,1080,0.206485781989323,0.228873601615701,1062.041010968,11.2160228869225
"111",2010-02-20,0.0410677618069815,1085,0.204929297349461,0.223180005584706,1062.041010968,9.31330472531818
"112",2010-02-20,0.0410677618069815,1090,0.200492393367082,0.223999257602816,1062.041010968,7.76108726761302
"113",2010-02-20,0.0410677618069815,1095,0.197176242679946,0.219583028545036,1062.041010968,6.25894134423321
"114",2010-02-20,0.0410677618069815,1100,0.208713220079204,0.210326969124834,1062.041010968,5.25751073215987
"115",2010-02-20,0.0410677618069815,1105,0.194281467727537,0.217651862356032,1062.041010968,4.15593705532888
"116",2010-02-20,0.0410677618069815,1110,0.198409004686045,0.210497282848916,1062.041010968,3.30472103044262
"117",2010-02-20,0.0410677618069815,1115,0.191109803879817,0.201921447903925,1062.041010968,2.32832618109774
"118",2010-02-20,0.0410677618069815,1120,0.182139660053461,0.200995792136147,1062.041010968,1.67739627944711
"119",2010-02-20,0.0410677618069815,1125,0.193613749022754,0.198475641398335,1062.041010968,1.42703862604287
"120",2010-02-20,0.0410677618069815,1130,0.191880217342115,0.19581375675243,1062.041010968,1.05150214590081
"121",2010-02-20,0.0410677618069815,1135,0.193641111716554,0.202521113995067,1062.041010968,0.90128755295617
"122",2010-02-20,0.0410677618069815,1140,0.193205540879559,0.198731005100641,1062.041010968,0.650929899838928
"123",2010-02-20,0.0410677618069815,1145,0.193120069041313,0.196566768597941,1062.041010968,0.475679542533889
"124",2010-02-20,0.0410677618069815,1150,0.194400444477482,0.202347792535626,1062.041010968,0.40057224620165
"125",2010-02-20,0.0410677618069815,1155,0.193375813858279,0.20326018132229,1062.041010968,0.300429185004763
"126",2010-02-20,0.0410677618069815,1160,0.201821188118385,0.207200328757311,1062.041010968,0.275393419404256
"127",2010-02-20,0.0410677618069815,1165,0.203842737708064,0.215726971971507,1062.041010968,0.250357654058218
"128",2010-02-20,0.0410677618069815,1170,0.204179380841839,0.21846022968707,1062.041010968,0.200286122943814
"129",2010-02-20,0.0410677618069815,1175,0.211966081285591,0.219944722509838,1062.041010968,0.175250357615073
"130",2010-02-20,0.0410677618069815,1180,0.209277247365799,0.227885865340291,1062.041010968,0.150214592282844
"131",2010-02-20,0.0410677618069815,1185,0.216642962939267,0.235757265206629,1062.041010968,0.150214592549303
"132",2010-02-20,0.0410677618069815,1190,0.207855402429837,0.234923028062775,1062.041010968,0.100143061380925
"133",2010-02-20,0.0410677618069815,1195,0.214681592503976,0.231195958065118,1062.041010968,0.0751072960136436
"134",2010-02-20,0.0410677618069815,1200,0.221456686583693,0.238386790467603,1062.041010968,0.0751072961277044
"135",2010-02-20,0.0410677618069815,1205,0.228182059679459,0.245522672073322,1062.041010968,0.0751072961274615
"136",2010-02-20,0.0410677618069815,1210,0.234858996434349,0.252605086741072,1062.041010968,0.075107296150694
"137",2010-02-20,0.0410677618069815,1215,0.241488701455906,0.259635422869084,1062.041010968,0.0751072961633399
"138",2010-02-20,0.0410677618069815,1220,NA,0.266614983726886,1062.041010968,NA
"139",2010-02-20,0.0410677618069815,1225,NA,0.273544995167816,1062.041010968,NA
"140",2010-02-20,0.0410677618069815,1230,NA,0.261105423730514,1062.041010968,NA
"141",2010-02-20,0.0410677618069815,1235,NA,0.267556896457799,1062.041010968,NA
"142",2010-02-20,0.0410677618069815,1240,NA,0.273966200208578,1062.041010968,NA
"143",2010-02-20,0.0410677618069815,1245,NA,0.280334194418964,1062.041010968,NA
"144",2010-02-20,0.0410677618069815,1250,NA,0.286661696615556,1062.041010968,NA
"145",2010-02-20,0.0410677618069815,1255,NA,0.29294948648997,1062.041010968,NA
"146",2010-02-20,0.0410677618069815,1260,NA,0.299198308954748,1062.041010968,NA
"147",2010-02-20,0.0410677618069815,1265,NA,0.305408876035102,1062.041010968,NA
"148",2010-02-20,0.0410677618069815,1270,NA,0.311581869924817,1062.041010968,NA
"149",2010-02-20,0.0410677618069815,1275,NA,0.317717944732483,1062.041010968,NA
"150",2010-02-20,0.0410677618069815,1280,NA,0.323817728955319,1062.041010968,NA
"151",2010-02-20,0.0410677618069815,1285,NA,0.329881826352288,1062.041010968,NA
"152",2010-02-20,0.0410677618069815,1290,NA,0.335910818272403,1062.041010968,NA
"153",2010-02-20,0.0410677618069815,1295,NA,0.341905264673362,1062.041010968,NA
"154",2010-02-20,0.0410677618069815,1300,NA,0.347865705722258,1062.041010968,NA
"155",2010-02-20,0.0410677618069815,1305,NA,0.353792663105252,1062.041010968,NA
"156",2010-02-20,0.0410677618069815,1310,NA,0.35968664046413,1062.041010968,NA
"157",2010-02-20,0.0410677618069815,1315,NA,0.365548124997014,1062.041010968,NA
"158",2010-02-20,0.0410677618069815,1320,NA,0.371377588622516,1062.041010968,NA
"159",2010-02-20,0.0410677618069815,1325,NA,0.377175487979734,1062.041010968,NA
"160",2010-02-20,0.0410677618069815,1330,NA,0.382942265883449,1062.041010968,NA
"161",2010-02-20,0.0410677618069815,1340,NA,0.394384163542431,1062.041010968,NA
"162",2010-02-20,0.0410677618069815,1350,NA,0.4057065710599,1062.041010968,NA
"163",2010-02-20,0.0410677618069815,1360,NA,0.416912595851834,1062.041010968,NA
"164",2010-02-20,0.0410677618069815,1375,NA,0.433509810850578,1062.041010968,NA
"165",2010-02-20,0.0410677618069815,1380,NA,0.438987117108922,1062.041010968,NA
"166",2010-02-20,0.0410677618069815,1400,NA,0.460629538160798,1062.041010968,NA
"167",2010-02-20,0.0410677618069815,1425,NA,0.487104894004547,1062.041010968,NA
"168",2010-02-20,0.0410677618069815,1450,NA,0.51297080152318,1062.041010968,NA
"169",2010-02-20,0.0410677618069815,1475,NA,0.538258691834956,1062.041010968,NA
"170",2010-02-20,0.0410677618069815,1500,NA,0.562997060063718,1062.041010968,NA
"171",2010-02-20,0.0410677618069815,1525,NA,0.587211900295638,1062.041010968,NA
"172",2010-02-20,0.0410677618069815,1550,NA,0.610927050314089,1062.041010968,NA
"173",2010-03-20,0.11772758384668,200,NA,1.53832692668678,1060.5634141651,NA
"174",2010-03-20,0.11772758384668,250,NA,1.41482181106257,1060.5634141651,NA
"175",2010-03-20,0.11772758384668,300,NA,1.17028031979961,1060.5634141651,NA
"176",2010-03-20,0.11772758384668,350,NA,1.03147998017322,1060.5634141651,NA
"177",2010-03-20,0.11772758384668,400,NA,0.911541489058371,1060.5634141651,NA
"178",2010-03-20,0.11772758384668,450,NA,0.805851654168774,1060.5634141651,NA
"179",2010-03-20,0.11772758384668,475,NA,0.757331586666282,1060.5634141651,NA
"180",2010-03-20,0.11772758384668,500,NA,0.711279574190604,1060.5634141651,NA
"181",2010-03-20,0.11772758384668,525,NA,0.667441761927523,1060.5634141651,NA
"182",2010-03-20,0.11772758384668,550,NA,0.625599761572696,1060.5634141651,NA
"183",2010-03-20,0.11772758384668,575,NA,0.585564148808328,1060.5634141651,NA
"184",2010-03-20,0.11772758384668,600,NA,0.547169341465574,1060.5634141651,NA
"185",2010-03-20,0.11772758384668,620,NA,0.688742753575187,1060.5634141651,NA
"186",2010-03-20,0.11772758384668,625,NA,0.542978377656237,1060.5634141651,NA
"187",2010-03-20,0.11772758384668,640,NA,0.520279031065211,1060.5634141651,NA
"188",2010-03-20,0.11772758384668,650,0.474735276097573,0.52589579996872,1060.5634141651,410.664453426074
"189",2010-03-20,0.11772758384668,655,0.467781908250625,0.558211969349771,1060.5634141651,405.740232871812
"190",2010-03-20,0.11772758384668,660,0.460877635218716,0.510726549277329,1060.5634141651,400.664453426018
"191",2010-03-20,0.11772758384668,665,0.454021608479669,0.503220841368982,1060.5634141651,395.664453425966
"192",2010-03-20,0.11772758384668,675,0.44045098331945,0.515609629095963,1060.5634141651,385.714973056618
"193",2010-03-20,0.11772758384668,680,0.433734770072244,0.518450534895465,1060.5634141651,380.740232871831
"194",2010-03-20,0.11772758384668,685,0.427063571865124,0.488198846600956,1060.5634141651,375.689713241431
"195",2010-03-20,0.11772758384668,690,0.420436619192813,0.492636048315521,1060.5634141651,370.714973056416
"196",2010-03-20,0.11772758384668,695,0.413853156374353,0.485077279904197,1060.5634141651,365.71497305653
"197",2010-03-20,0.11772758384668,700,0.477566591457344,0.487574885359745,1060.5634141651,360.841272132897
"198",2010-03-20,0.11772758384668,705,0.427261292811866,0.522792871364984,1060.5634141651,355.917051578456
"199",2010-03-20,0.11772758384668,710,0.437876373348569,0.548290285390906,1060.5634141651,351.119130100344
"200",2010-03-20,0.11772758384668,715,0.430845671821966,0.539791649811392,1060.5634141651,346.11913010072
"201",2010-03-20,0.11772758384668,720,0.406899269169551,0.542920112660778,1060.5634141651,341.169649730843
"202",2010-03-20,0.11772758384668,725,0.458352189038952,0.472731542854266,1060.5634141651,335.967571208825
"203",2010-03-20,0.11772758384668,730,0.393531178729631,0.525872451566255,1060.5634141651,331.169649730585
"204",2010-03-20,0.11772758384668,735,0.38690695541454,0.506289824137989,1060.5634141651,326.093870285178
"205",2010-03-20,0.11772758384668,740,0.408761168969665,0.49412312963297,1060.5634141651,321.119130100006
"206",2010-03-20,0.11772758384668,745,0.389538860932287,0.481964765080785,1060.5634141651,316.06861047029
"207",2010-03-20,0.11772758384668,750,0.428348804876115,0.4698048695216,1060.5634141651,311.169649731591
"208",2010-03-20,0.11772758384668,755,0.376086596975998,0.490606232219358,1060.5634141651,306.245429176156
"209",2010-03-20,0.11772758384668,760,0.369416650379107,0.485385180240532,1060.5634141651,301.270688991361
"210",2010-03-20,0.11772758384668,765,0.362783242186162,0.482950831523923,1060.5634141651,296.32120862218
"211",2010-03-20,0.11772758384668,770,0.356185692095128,0.480135326965566,1060.5634141651,291.371728252277
"212",2010-03-20,0.11772758384668,775,0.34962332591577,0.444887167564102,1060.5634141651,286.144389916155
"213",2010-03-20,0.11772758384668,780,0.343095474987584,0.466007189847758,1060.5634141651,281.396988068348
"214",2010-03-20,0.11772758384668,785,0.336601475888756,0.457663388829059,1060.5634141651,276.396988068136
"215",2010-03-20,0.11772758384668,790,0.340795254038498,0.451840797200005,1060.5634141651,271.447507698773
"216",2010-03-20,0.11772758384668,795,0.310262809531687,0.445937581121187,1060.5634141651,266.422247883869
"217",2010-03-20,0.11772758384668,800,0.405430469132165,0.414415520668076,1060.5634141651,261.64958622077
"218",2010-03-20,0.11772758384668,805,0.336860283738358,0.433905649865829,1060.5634141651,256.573806774779
"219",2010-03-20,0.11772758384668,810,0.336497534468664,0.429921137715814,1060.5634141651,251.649586220379
"220",2010-03-20,0.11772758384668,815,0.340598716890059,0.425705789698687,1060.5634141651,246.750625481826
"221",2010-03-20,0.11772758384668,820,0.33359450872584,0.419330386526181,1060.5634141651,241.775885296996
"222",2010-03-20,0.11772758384668,825,0.347490791924547,0.414789989322699,1060.5634141651,236.952704003506
"223",2010-03-20,0.11772758384668,830,0.340191471356057,0.410061130410616,1060.5634141651,232.003223633765
"224",2010-03-20,0.11772758384668,835,0.336357325601287,0.405156744987377,1060.5634141651,227.079003080077
"225",2010-03-20,0.11772758384668,840,0.338394800806991,0.401736522786027,1060.5634141651,222.230561970184
"226",2010-03-20,0.11772758384668,845,0.336551418755562,0.396451023430556,1060.5634141651,217.331601230783
"227",2010-03-20,0.11772758384668,850,0.336682018265719,0.392534753069081,1060.5634141651,212.483160124256
"228",2010-03-20,0.11772758384668,855,0.335995246010731,0.38836177309866,1060.5634141651,207.634719015601
"229",2010-03-20,0.11772758384668,860,0.334633594198996,0.383951245335747,1060.5634141651,202.78627790686
"230",2010-03-20,0.11772758384668,865,0.336435208324703,0.379319641384227,1060.5634141651,197.988356429244
"231",2010-03-20,0.11772758384668,870,0.332035517664099,0.375739299948527,1060.5634141651,193.139915319357
"232",2010-03-20,0.11772758384668,875,0.330697402993169,0.371857526066253,1060.5634141651,188.341993841644
"233",2010-03-20,0.11772758384668,880,0.32878464293966,0.367697199859238,1060.5634141651,183.544072365202
"234",2010-03-20,0.11772758384668,885,0.329157131515178,0.365454197768425,1060.5634141651,178.84719014619
"235",2010-03-20,0.11772758384668,890,0.324835210655128,0.36070451157319,1060.5634141651,174.024008853632
"236",2010-03-20,0.11772758384668,895,0.322746085754627,0.357718264736848,1060.5634141651,169.301866821813
"237",2010-03-20,0.11772758384668,900,0.340684785647868,0.342701927462425,1060.5634141651,164.756543498285
"238",2010-03-20,0.11772758384668,905,0.317158322310628,0.348834813654426,1060.5634141651,159.807063128819
"239",2010-03-20,0.11772758384668,910,0.31478406645555,0.34313111743011,1060.5634141651,155.059661276614
"240",2010-03-20,0.11772758384668,915,0.311942339345952,0.342270830029691,1060.5634141651,150.463818322614
"241",2010-03-20,0.11772758384668,920,0.308677480085459,0.339232529682905,1060.5634141651,145.817455734121
"242",2010-03-20,0.11772758384668,925,0.306769553596112,0.328120757063828,1060.5634141651,140.969014628434
"243",2010-03-20,0.11772758384668,930,0.302679234615992,0.329075245123325,1060.5634141651,136.474210929379
"244",2010-03-20,0.11772758384668,935,0.299839905079948,0.327831491764615,1060.5634141651,131.979407237984
"245",2010-03-20,0.11772758384668,940,0.298040440417639,0.324681021471753,1060.5634141651,127.484603540732
"246",2010-03-20,0.11772758384668,945,0.295680705191171,0.321114886634332,1060.5634141651,122.98979984898
"247",2010-03-20,0.11772758384668,950,0.307165373984911,0.309695609199976,1060.5634141651,118.747594304211
"248",2010-03-20,0.11772758384668,955,0.290749438160451,0.312831389770974,1060.5634141651,114.050712088664
"249",2010-03-20,0.11772758384668,960,0.288136443729657,0.309291295876892,1060.5634141651,109.656947651611
"250",2010-03-20,0.11772758384668,965,0.285014098214394,0.306426418416397,1060.5634141651,105.313702851142
"251",2010-03-20,0.11772758384668,970,0.282531018917184,0.302028130851459,1060.5634141651,100.970458046556
"252",2010-03-20,0.11772758384668,975,0.282698988618761,0.298267895438286,1060.5634141651,96.8292917653361
"253",2010-03-20,0.11772758384668,980,0.277009081207239,0.295054964105208,1060.5634141651,92.4860469577895
"254",2010-03-20,0.11772758384668,985,0.275918244903475,0.292306847865563,1060.5634141651,88.445919937971
"255",2010-03-20,0.11772758384668,990,0.270371077810504,0.289032823517822,1060.5634141651,84.2037144026093
"256",2010-03-20,0.11772758384668,995,0.267204291037172,0.285255391669866,1060.5634141651,80.1130677408719
"257",2010-03-20,0.11772758384668,1000,0.264378609160344,0.280991164642602,1060.5634141651,76.0729407230128
"258",2010-03-20,0.11772758384668,1005,0.260972177372497,0.279608838197307,1060.5634141651,72.2348922284461
"259",2010-03-20,0.11772758384668,1010,0.257837384294468,0.27513258248921,1060.5634141651,68.2958044653356
"260",2010-03-20,0.11772758384668,1015,0.254917995941604,0.271750137932907,1060.5634141651,64.5082755953483
"261",2010-03-20,0.11772758384668,1020,0.256089813362574,0.270128800645563,1060.5634141651,61.1754234065218
"262",2010-03-20,0.11772758384668,1025,0.253363653489182,0.267085869879351,1060.5634141651,57.5899730573597
"263",2010-03-20,0.11772758384668,1030,0.246233597888244,0.263428927598447,1060.5634141651,53.7519245657497
"264",2010-03-20,0.11772758384668,1035,0.24301266998671,0.260626564001619,1060.5634141651,50.3180331068889
"265",2010-03-20,0.11772758384668,1040,0.239832464164751,0.257888577350164,1060.5634141651,46.9851809133828
"266",2010-03-20,0.11772758384668,1045,0.236658558303451,0.255187446334408,1060.5634141651,43.7533679853473
"267",2010-03-20,0.11772758384668,1050,0.23769135371125,0.251793300292032,1060.5634141651,40.8751924571536
"268",2010-03-20,0.11772758384668,1055,0.230201969268292,0.24909785383644,1060.5634141651,37.5423402606441
"269",2010-03-20,0.11772758384668,1060,0.231735297736489,0.246367627430338,1060.5634141651,34.9672825214435
"270",2010-03-20,0.11772758384668,1065,0.226118144662419,0.242823126779769,1060.5634141651,31.9284064724713
"271",2010-03-20,0.11772758384668,1070,0.227042830545047,0.238904478780864,1060.5634141651,29.4529445741962
"272",2010-03-20,0.11772758384668,1075,0.219424613776517,0.234875849298413,1060.5634141651,26.4722863742453
"273",2010-03-20,0.11772758384668,1080,0.216507366010383,0.231412721502608,1060.5634141651,23.9968244758294
"274",2010-03-20,0.11772758384668,1085,0.217711769098566,0.229227077095339,1060.5634141651,22.0265588952273
"275",2010-03-20,0.11772758384668,1090,0.21075008221272,0.224710779900743,1060.5634141651,19.4500577414972
"276",2010-03-20,0.11772758384668,1095,0.207885918087109,0.221442226927608,1060.5634141651,17.3787528816948
"277",2010-03-20,0.11772758384668,1100,0.209442625953351,0.219497869281929,1060.5634141651,15.8126443483443
"278",2010-03-20,0.11772758384668,1105,0.202967035609363,0.217410021748547,1060.5634141651,13.8423787589155
"279",2010-03-20,0.11772758384668,1110,0.200138682437455,0.213525623282843,1060.5634141651,12.1247113150189
"280",2010-03-20,0.11772758384668,1115,0.197925400596227,0.210205052160418,1060.5634141651,10.6091223992926
"281",2010-03-20,0.11772758384668,1120,0.195510828223452,0.207536361292722,1060.5634141651,9.24509237674465
"282",2010-03-20,0.11772758384668,1125,0.192890993810425,0.206604567963659,1060.5634141651,8.08314087631598
"283",2010-03-20,0.11772758384668,1130,0.19114245663136,0.204711300637155,1060.5634141651,7.02222864112819
"284",2010-03-20,0.11772758384668,1135,0.188198603162056,0.203877584742904,1060.5634141651,6.06235565398343
"285",2010-03-20,0.11772758384668,1140,0.185072530901303,0.203222504667535,1060.5634141651,5.20352193920336
"286",2010-03-20,0.11772758384668,1145,0.184601964745454,0.197857129412819,1060.5634141651,4.34468821803302
"287",2010-03-20,0.11772758384668,1150,0.183083248873971,0.20155311637403,1060.5634141651,3.89001154637585
"288",2010-03-20,0.11772758384668,1155,0.179397790368947,0.202053952550823,1060.5634141651,3.30903579630266
"289",2010-03-20,0.11772758384668,1160,0.177707584833113,0.201783501713846,1060.5634141651,2.8290993060196
"290",2010-03-20,0.11772758384668,1165,0.174564582437626,0.202285494476862,1060.5634141651,2.39968244755813
"291",2010-03-20,0.11772758384668,1170,0.170721310594739,0.202033892008085,1060.5634141651,1.99552540171664
"292",2010-03-20,0.11772758384668,1175,0.17794493762994,0.185598253472481,1060.5634141651,1.46506928484783
"293",2010-03-20,0.11772758384668,1180,0.164203209740795,0.200863354137021,1060.5634141651,1.36403002425958
"294",2010-03-20,0.11772758384668,1185,0.157977900115124,0.204714278395568,1060.5634141651,1.18721131725226
"295",2010-03-20,0.11772758384668,1190,0.149902689616559,0.198063822197376,1060.5634141651,0.833573902925655
"296",2010-03-20,0.11772758384668,1195,0.138128544229796,0.2065334456235,1060.5634141651,0.808314088688139
"297",2010-03-20,0.11772758384668,1200,0.183028304625567,0.195062656155466,1060.5634141651,0.808314087762431
"298",2010-03-20,0.11772758384668,1205,0.167855902571414,0.216472585914354,1060.5634141651,0.884093533789159
"299",2010-03-20,0.11772758384668,1210,0.179553853984523,0.197682684982081,1060.5634141651,0.580975750377306
"300",2010-03-20,0.11772758384668,1215,0.154922066456718,0.187457926247489,1060.5634141651,0.277857968245235
"301",2010-03-20,0.11772758384668,1220,0.17244455960104,0.218025750098199,1060.5634141651,0.606235566697863
"302",2010-03-20,0.11772758384668,1225,0.176805802209862,0.196966819519535,1060.5634141651,0.3283775987613
"303",2010-03-20,0.11772758384668,1230,0.167200544554464,0.207663034841669,1060.5634141651,0.328377598378745
"304",2010-03-20,0.11772758384668,1235,0.171236826161538,0.212429557602823,1060.5634141651,0.328377598303193
"305",2010-03-20,0.11772758384668,1240,0.17524587065784,0.214162038780702,1060.5634141651,0.303117783313739
"306",2010-03-20,0.11772758384668,1245,0.179228251534351,0.218809989626193,1060.5634141651,0.303117782456165
"307",2010-03-20,0.11772758384668,1250,0.18318451463341,0.191580588605434,1060.5634141651,0.126299076597801
"308",2010-03-20,0.11772758384668,1255,0.18711517960391,0.221038979095757,1060.5634141651,0.252598153064883
"309",2010-03-20,0.11772758384668,1260,0.191020742520642,0.254037178990218,1060.5634141651,0.505196304582497
"310",2010-03-20,0.11772758384668,1265,0.181847000520021,0.2588562490083,1060.5634141651,0.4799364901121
"311",2010-03-20,0.11772758384668,1270,0.185493159395184,0.241561340105632,1060.5634141651,0.277857967960912
"312",2010-03-20,0.11772758384668,1275,0.189117558791506,0.211684996491043,1060.5634141651,0.10103926100996
"313",2010-03-20,0.11772758384668,1280,0.192720566872442,0.270693100052972,1060.5634141651,0.454676675046407
"314",2010-03-20,0.11772758384668,1285,0.196302537249533,0.286818015035167,1060.5634141651,0.580975750786008
"315",2010-03-20,0.11772758384668,1290,NA,0.291580701911467,1060.5634141651,NA
"316",2010-03-20,0.11772758384668,1295,NA,0.251395601978572,1060.5634141651,NA
"317",2010-03-20,0.11772758384668,1300,NA,0.221414523718992,1060.5634141651,NA
"318",2010-03-20,0.11772758384668,1305,NA,0.225113330695855,1060.5634141651,NA
"319",2010-03-20,0.11772758384668,1310,NA,0.228791008437325,1060.5634141651,NA
"320",2010-03-20,0.11772758384668,1315,NA,0.232447878977287,1060.5634141651,NA
"321",2010-03-20,0.11772758384668,1320,NA,0.236084253581207,1060.5634141651,NA
"322",2010-03-20,0.11772758384668,1325,NA,0.239700433619251,1060.5634141651,NA
"323",2010-03-20,0.11772758384668,1335,NA,0.246873368912235,1060.5634141651,NA
"324",2010-03-20,0.11772758384668,1340,NA,0.250430681796568,1060.5634141651,NA
"325",2010-03-20,0.11772758384668,1350,NA,0.25748833070531,1060.5634141651,NA
"326",2010-03-20,0.11772758384668,1375,NA,0.274811678270389,1060.5634141651,NA
"327",2010-03-20,0.11772758384668,1400,NA,0.291699552350787,1060.5634141651,NA
"328",2010-03-20,0.11772758384668,1425,NA,0.308177548746755,1060.5634141651,NA
"329",2010-03-20,0.11772758384668,1450,NA,0.324268442078743,1060.5634141651,NA
"330",2010-03-20,0.11772758384668,1475,NA,0.339992677933162,1060.5634141651,NA
"331",2010-03-20,0.11772758384668,1500,NA,0.334019550233532,1060.5634141651,NA
"332",2010-03-31,0.147843942505133,400,NA,0.894509440277139,1060.55550871693,NA
"333",2010-03-31,0.147843942505133,450,NA,0.832627440850771,1060.55550871693,NA
"334",2010-03-31,0.147843942505133,500,NA,0.794761602029405,1060.55550871693,NA
"335",2010-03-31,0.147843942505133,550,NA,0.775562871732676,1060.55550871693,NA
"336",2010-03-31,0.147843942505133,600,NA,0.681878749767251,1060.55550871693,NA
"337",2010-03-31,0.147843942505133,650,NA,0.602797092600052,1060.55550871693,NA
"338",2010-03-31,0.147843942505133,700,0.363048671302713,0.539289339816625,1060.55550871693,361.328458366656
"339",2010-03-31,0.147843942505133,725,NA,0.499239412187728,1060.55550871693,NA
"340",2010-03-31,0.147843942505133,750,0.341114210628985,0.432243798300259,1060.55550871693,311.128987489711
"341",2010-03-31,0.147843942505133,775,0.359293470997728,0.439667049381676,1060.55550871693,286.752333981971
"342",2010-03-31,0.147843942505133,800,0.355304325954462,0.417330268415174,1060.55550871693,262.176209594387
"343",2010-03-31,0.147843942505133,825,0.35315456584255,0.397514486417622,1060.55550871693,237.849423807725
"344",2010-03-31,0.147843942505133,850,0.345286185062064,0.377068452385907,1060.55550871693,213.697175036312
"345",2010-03-31,0.147843942505133,875,0.324343484413826,0.36335411818614,1060.55550871693,189.744397141005
"346",2010-03-31,0.147843942505133,900,0.318461518787853,0.345894068183177,1060.55550871693,166.439899598323
"347",2010-03-31,0.147843942505133,915,0.307235777897015,0.336868609180098,1060.55550871693,152.536989421806
"348",2010-03-31,0.147843942505133,925,0.301161837439067,0.330918055430004,1060.55550871693,143.434608369799
"349",2010-03-31,0.147843942505133,950,0.287140556053413,0.312737026858042,1060.55550871693,121.077597496335
"350",2010-03-31,0.147843942505133,975,0.273656021769914,0.291799843713982,1060.55550871693,99.4686024106994
"351",2010-03-31,0.147843942505133,1000,0.25970624354804,0.276077102777813,1060.55550871693,79.3057711870059
"352",2010-03-31,0.147843942505133,1050,0.232083659818636,0.252556068905664,1060.55550871693,44.7148964624411
"353",2010-03-31,0.147843942505133,1100,0.20590455579412,0.224502709486371,1060.55550871693,19.3486751039499
"354",2010-03-31,0.147843942505133,1150,0.183798841924663,0.205007274369288,1060.55550871693,5.88439087832732
"355",2010-03-31,0.147843942505133,1175,0.178744671746232,0.197807930406067,1060.55550871693,2.89232771893488
"356",2010-03-31,0.147843942505133,1200,0.158759535868926,0.201235198644771,1060.55550871693,1.29656070411441
"357",2010-03-31,0.147843942505133,1225,0.135333479728127,0.212309071091674,1060.55550871693,0.748015790399876
"358",2010-03-31,0.147843942505133,1250,NA,0.22982442768573,1060.55550871693,NA
"359",2010-03-31,0.147843942505133,1265,NA,0.239909515246212,1060.55550871693,NA
"360",2010-03-31,0.147843942505133,1275,NA,0.24865071582755,1060.55550871693,NA
"361",2010-03-31,0.147843942505133,1285,NA,0.257270027820707,1060.55550871693,NA
"362",2010-03-31,0.147843942505133,1300,NA,0.26404243619895,1060.55550871693,NA
"363",2010-03-31,0.147843942505133,1350,NA,0.30405455184028,1060.55550871693,NA
"364",2010-03-31,0.147843942505133,1400,NA,0.34177148004,1060.55550871693,NA
"365",2010-03-31,0.147843942505133,1450,NA,0.300772801589705,1060.55550871693,NA
"366",2010-03-31,0.147843942505133,1500,NA,0.329390480934607,1060.55550871693,NA
"367",2010-03-31,0.147843942505133,1550,NA,0.356773205445305,1060.55550871693,NA
"368",2010-04-17,0.194387405886379,400,NA,0.708348263599112,1059.71314634715,NA
"369",2010-04-17,0.194387405886379,450,NA,0.739863139189598,1059.71314634715,NA
"370",2010-04-17,0.194387405886379,500,NA,0.675237126145045,1059.71314634715,NA
"371",2010-04-17,0.194387405886379,525,NA,0.710414744409845,1059.71314634715,NA
"372",2010-04-17,0.194387405886379,550,NA,0.667310161245599,1059.71314634715,NA
"373",2010-04-17,0.194387405886379,575,NA,0.626055826453983,1059.71314634715,NA
"374",2010-04-17,0.194387405886379,600,NA,0.594313706554582,1059.71314634715,NA
"375",2010-04-17,0.194387405886379,625,NA,0.562794403689407,1059.71314634715,NA
"376",2010-04-17,0.194387405886379,650,NA,0.53454138398963,1059.71314634715,NA
"377",2010-04-17,0.194387405886379,660,NA,0.522560524572514,1059.71314634715,NA
"378",2010-04-17,0.194387405886379,670,NA,0.510583056479242,1059.71314634715,NA
"379",2010-04-17,0.194387405886379,675,NA,0.505911646491212,1059.71314634715,NA
"380",2010-04-17,0.194387405886379,680,NA,0.498612371470216,1059.71314634715,NA
"381",2010-04-17,0.194387405886379,690,NA,0.48415335930679,1059.71314634715,NA
"382",2010-04-17,0.194387405886379,700,0.336981706810771,0.472312382503113,1059.71314634715,360.539189767647
"383",2010-04-17,0.194387405886379,710,0.350352574192674,0.465008309570147,1059.71314634715,350.664347860612
"384",2010-04-17,0.194387405886379,720,0.355000687583058,0.45510296784864,1059.71314634715,340.764474337023
"385",2010-04-17,0.194387405886379,725,0.361483614566147,0.452095219684434,1059.71314634715,335.864600810855
"386",2010-04-17,0.194387405886379,730,0.360839080409263,0.445009595009704,1059.71314634715,330.889632431127
"387",2010-04-17,0.194387405886379,740,0.362303058087462,0.438428478542056,1059.71314634715,321.064853762139
"388",2010-04-17,0.194387405886379,750,0.389487405069002,0.431216391175631,1059.71314634715,311.490391280983
"389",2010-04-17,0.194387405886379,760,0.363788484561111,0.42190010632595,1059.71314634715,301.440328044381
"390",2010-04-17,0.194387405886379,770,0.361232232995443,0.413785029254906,1059.71314634715,291.640580994149
"391",2010-04-17,0.194387405886379,775,0.367866052134474,0.410972631239413,1059.71314634715,286.865865563855
"392",2010-04-17,0.194387405886379,780,0.359328936343445,0.406606501806419,1059.71314634715,281.890897182738
"393",2010-04-17,0.194387405886379,790,0.355873793474564,0.400123580789615,1059.71314634715,272.166244987332
"394",2010-04-17,0.194387405886379,800,0.352818183479096,0.390641724393987,1059.71314634715,262.416561177425
"395",2010-04-17,0.194387405886379,810,0.351289616252042,0.385246071842371,1059.71314634715,252.817067077463
"396",2010-04-17,0.194387405886379,820,0.339180361066812,0.380983690434516,1059.71314634715,243.092414884372
"397",2010-04-17,0.194387405886379,825,0.33760979512066,0.377511655120361,1059.71314634715,238.292667835418
"398",2010-04-17,0.194387405886379,830,0.335703023762344,0.375691777758966,1059.71314634715,233.542984024209
"399",2010-04-17,0.194387405886379,840,0.332083730633076,0.369521767157392,1059.71314634715,224.018584778968
"400",2010-04-17,0.194387405886379,850,0.3282366667066,0.36258709881255,1059.71314634715,214.51921715517
"401",2010-04-17,0.194387405886379,860,0.324970473763076,0.353512420430037,1059.71314634715,205.019849529039
"402",2010-04-17,0.194387405886379,870,0.322001407645449,0.3481135066487,1059.71314634715,195.720734857849
"403",2010-04-17,0.194387405886379,875,0.319257053803486,0.344406373648021,1059.71314634715,191.021114280774
"404",2010-04-17,0.194387405886379,880,0.317702332564711,0.341795114824156,1059.71314634715,186.421620186674
"405",2010-04-17,0.194387405886379,890,0.312283181580385,0.334660042304924,1059.71314634715,177.122505510796
"406",2010-04-17,0.194387405886379,900,0.307106557180827,0.328999187646635,1059.71314634715,167.973580549622
"407",2010-04-17,0.194387405886379,910,0.302019232064259,0.323419824877779,1059.71314634715,158.924782065748
"408",2010-04-17,0.194387405886379,920,0.297932037380338,0.315890167572868,1059.71314634715,149.926046813957
"409",2010-04-17,0.194387405886379,925,0.295911130548755,0.313233648509147,1059.71314634715,145.526805665708
"410",2010-04-17,0.194387405886379,930,0.293565138733105,0.310303566972415,1059.71314634715,141.127564514674
"411",2010-04-17,0.194387405886379,940,0.287973851688353,0.305375772028668,1059.71314634715,132.429208693222
"412",2010-04-17,0.194387405886379,950,0.28295336133564,0.299295288010999,1059.71314634715,123.830979345726
"413",2010-04-17,0.194387405886379,960,0.277506887966319,0.293668778346475,1059.71314634715,115.38293971051
"414",2010-04-17,0.194387405886379,970,0.273071970611408,0.288325847383731,1059.71314634715,107.185216261001
"415",2010-04-17,0.194387405886379,975,0.270338130673716,0.285190937162784,1059.71314634715,103.086354540182
"416",2010-04-17,0.194387405886379,980,0.267974781333582,0.282441377227629,1059.71314634715,99.0876192908277
"417",2010-04-17,0.194387405886379,990,0.265505852755297,0.276637039666557,1059.71314634715,91.3905282293703
"418",2010-04-17,0.194387405886379,1000,0.256995671977279,0.271418239596612,1059.71314634715,83.4931842024934
"419",2010-04-17,0.194387405886379,1005,0.254155837198738,0.268895644719118,1059.71314634715,79.7447651422864
"420",2010-04-17,0.194387405886379,1010,0.251554333251247,0.26660825390265,1059.71314634715,76.0964725529797
"421",2010-04-17,0.194387405886379,1020,0.24695036105844,0.260901070457369,1059.71314634715,68.9500770932228
"422",2010-04-17,0.194387405886379,1025,0.244323897956988,0.25806048349033,1059.71314634715,65.4519742295475
"423",2010-04-17,0.194387405886379,1030,0.241851629568639,0.255396748277365,1059.71314634715,62.0539978314489
"424",2010-04-17,0.194387405886379,1035,0.238953987306853,0.252889145219497,1059.71314634715,58.7060846716382
"425",2010-04-17,0.194387405886379,1040,0.236182453834185,0.250519157877713,1059.71314634715,55.4582979815606
"426",2010-04-17,0.194387405886379,1050,0.230396263821074,0.245043441561626,1059.71314634715,49.1129143211868
"427",2010-04-17,0.194387405886379,1060,0.224294809474927,0.240966983717318,1059.71314634715,43.2045740349922
"428",2010-04-17,0.194387405886379,1070,0.21943872549631,0.235033646192612,1059.71314634715,37.5974914259459
"429",2010-04-17,0.194387405886379,1075,0.217037424179184,0.232146743971861,1059.71314634715,34.9441398324809
"430",2010-04-17,0.194387405886379,1080,0.214639117937251,0.229296092172654,1059.71314634715,32.3909147119931
"431",2010-04-17,0.194387405886379,1090,0.209811748234319,0.223658119964504,1059.71314634715,27.5848439016828
"432",2010-04-17,0.194387405886379,1100,0.20545796886626,0.218605391153276,1059.71314634715,23.2794054783796
"433",2010-04-17,0.194387405886379,1110,0.200994353679326,0.213544794412522,1059.71314634715,19.3744729369828
"434",2010-04-17,0.194387405886379,1120,0.197037262430772,0.209694220709612,1059.71314634715,16.0202360270033
"435",2010-04-17,0.194387405886379,1125,0.195042411094443,0.207486500028308,1059.71314634715,14.4682756634728
"436",2010-04-17,0.194387405886379,1130,0.19304690637712,0.20596479301065,1059.71314634715,13.0665050035756
"437",2010-04-17,0.194387405886379,1140,0.189108418442513,0.202459102026956,1059.71314634715,10.513279892732
"438",2010-04-17,0.194387405886379,1150,0.186241884537506,0.200156200178526,1059.71314634715,8.46068715162271
"439",2010-04-17,0.194387405886379,1160,0.182220018639735,0.197868057901156,1059.71314634715,6.65841060089032
"440",2010-04-17,0.194387405886379,1165,0.179961825659095,0.197612807994827,1059.71314634715,5.90746203225864
"441",2010-04-17,0.194387405886379,1170,0.177917634598994,0.196822250898355,1059.71314634715,5.20657670887528
"442",2010-04-17,0.194387405886379,1175,0.174954313431979,0.191171846552469,1059.71314634715,4.30543843354049
"443",2010-04-17,0.194387405886379,1180,0.172217593524745,0.195572036634804,1059.71314634715,3.95499577231347
"444",2010-04-17,0.194387405886379,1185,0.170635302227379,0.195232019639484,1059.71314634715,3.47939500849267
"445",2010-04-17,0.194387405886379,1190,0.169832580020815,0.19046953779967,1059.71314634715,2.90366778010186
"446",2010-04-17,0.194387405886379,1200,0.17744752741055,0.190531752766998,1059.71314634715,2.50316187805175
"447",2010-04-17,0.194387405886379,1210,0.157632203943847,0.191062174006084,1059.71314634715,1.60202360206346
"448",2010-04-17,0.194387405886379,1220,0.170224351193683,0.194604556334354,1059.71314634715,1.52692874667118
"449",2010-04-17,0.194387405886379,1225,0.142041200623125,0.187313078666095,1059.71314634715,0.876106657943174
"450",2010-04-17,0.194387405886379,1230,0.159884972698085,0.186580377074187,1059.71314634715,0.901138275476333
"451",2010-04-17,0.194387405886379,1240,0.127547276668837,0.186149549433962,1059.71314634715,0.525663994159346
"452",2010-04-17,0.194387405886379,1250,0.13337606872345,0.202761577118255,1059.71314634715,0.67585370728213
"453",2010-04-17,0.194387405886379,1260,0.139132255597743,0.206310075470977,1059.71314634715,0.600758851026949
"454",2010-04-17,0.194387405886379,1270,NA,0.210805513950284,1059.71314634715,NA
"455",2010-04-17,0.194387405886379,1275,NA,0.219331620780885,1059.71314634715,NA
"456",2010-04-17,0.194387405886379,1280,NA,0.216591610249061,1059.71314634715,NA
"457",2010-04-17,0.194387405886379,1290,NA,0.223937713915338,1059.71314634715,NA
"458",2010-04-17,0.194387405886379,1300,NA,0.231186278713184,1059.71314634715,NA
"459",2010-04-17,0.194387405886379,1310,NA,0.238340845123576,1059.71314634715,NA
"460",2010-04-17,0.194387405886379,1320,NA,0.245404690383341,1059.71314634715,NA
"461",2010-04-17,0.194387405886379,1325,NA,0.206630744530848,1059.71314634715,NA
"462",2010-04-17,0.194387405886379,1350,NA,0.234535544611729,1059.71314634715,NA
"463",2010-04-17,0.194387405886379,1375,NA,0.28276065075883,1059.71314634715,NA
"464",2010-04-17,0.194387405886379,1400,NA,0.298976577638918,1059.71314634715,NA
"465",2010-04-17,0.194387405886379,1425,NA,0.314759614144796,1059.71314634715,NA
"466",2010-04-17,0.194387405886379,1450,NA,0.330136556318686,1059.71314634715,NA
"467",2010-04-17,0.194387405886379,1475,NA,0.34513118882947,1059.71314634715,NA
"468",2010-04-17,0.194387405886379,1500,NA,0.359764800838089,1059.71314634715,NA
"469",2010-05-22,0.290212183436003,500,NA,0.5940004378712,1056.98536381482,NA
"470",2010-05-22,0.290212183436003,550,NA,0.544356386693804,1056.98536381482,NA
"471",2010-05-22,0.290212183436003,600,0.346382157173268,0.504343895467542,1056.98536381482,457.736131647073
"472",2010-05-22,0.290212183436003,620,0.327513681865048,0.483010144257278,1056.98536381482,437.786182836544
"473",2010-05-22,0.290212183436003,625,0.343579985225163,0.47885552109136,1056.98536381482,432.836234025109
"474",2010-05-22,0.290212183436003,640,0.361249879666483,0.466106842236355,1056.98536381482,417.986387590643
"475",2010-05-22,0.290212183436003,650,0.37033058094119,0.459369486657033,1056.98536381482,408.136541157405
"476",2010-05-22,0.290212183436003,660,0.374079657072651,0.452254088909266,1056.98536381482,398.286694724128
"477",2010-05-22,0.290212183436003,675,0.376049136562703,0.440158504375278,1056.98536381482,383.511925074556
"478",2010-05-22,0.290212183436003,680,0.373616556922428,0.437092423840245,1056.98536381482,378.587001858158
"479",2010-05-22,0.290212183436003,700,0.382599679601976,0.420940806675683,1056.98536381482,359.062488150208
"480",2010-05-22,0.290212183436003,720,0.370453275414437,0.410231444134698,1056.98536381482,339.487923255514
"481",2010-05-22,0.290212183436003,725,0.36797470502816,0.408670469064835,1056.98536381482,334.638076823743
"482",2010-05-22,0.290212183436003,740,0.362505586841476,0.398541408526916,1056.98536381482,320.038486333061
"483",2010-05-22,0.290212183436003,750,0.353512878815367,0.395880959427448,1056.98536381482,310.338793465907
"484",2010-05-22,0.290212183436003,760,0.35179420391258,0.390504631237179,1056.98536381482,300.739202976862
"485",2010-05-22,0.290212183436003,775,0.345057733962819,0.381439106445903,1056.98536381482,286.289766052245
"486",2010-05-22,0.290212183436003,780,0.343138793128836,0.378182190930414,1056.98536381482,281.489970808845
"487",2010-05-22,0.290212183436003,800,0.336944905017159,0.3655309374389,1056.98536381482,262.44094339751
"488",2010-05-22,0.290212183436003,820,0.331639108795848,0.354858376837046,1056.98536381482,243.692223116536
"489",2010-05-22,0.290212183436003,825,0.330704225367585,0.351830906316611,1056.98536381482,239.042581435359
"490",2010-05-22,0.290212183436003,840,0.323958368850426,0.344150661281826,1056.98536381482,225.093656409007
"491",2010-05-22,0.290212183436003,850,0.320059975225769,0.337927248498304,1056.98536381482,215.84442423507
"492",2010-05-22,0.290212183436003,860,0.315371057974047,0.333100309677583,1056.98536381482,206.69529443977
"493",2010-05-22,0.290212183436003,875,0.30890774464438,0.32505037221779,1056.98536381482,193.096727736066
"494",2010-05-22,0.290212183436003,880,0.306668800209608,0.322331630474225,1056.98536381482,188.597239627793
"495",2010-05-22,0.290212183436003,900,0.298255786498586,0.312926492357756,1056.98536381482,170.949645499013
"496",2010-05-22,0.290212183436003,920,0.291007888032938,0.302748579148667,1056.98536381482,153.752512078022
"497",2010-05-22,0.290212183436003,925,0.287099193689568,0.300579495694043,1056.98536381482,149.403177523316
"498",2010-05-22,0.290212183436003,940,0.280335989252188,0.293464495068042,1056.98536381482,136.855685784052
"499",2010-05-22,0.290212183436003,950,0.275379927940706,0.288507821557486,1056.98536381482,128.607477388694
"500",2010-05-22,0.290212183436003,960,0.271318027977912,0.283301943297225,1056.98536381482,120.559473749931
"501",2010-05-22,0.290212183436003,975,0.265101049614747,0.276362287865516,1056.98536381482,108.862852201704
"502",2010-05-22,0.290212183436003,980,0.263074075362109,0.274120479468308,1056.98536381482,105.064080733363
"503",2010-05-22,0.290212183436003,1000,0.254464875349325,0.265271104460257,1056.98536381482,90.3194555811157
"504",2010-05-22,0.290212183436003,1020,0.246005171236217,0.255780668546448,1056.98536381482,76.375649407275
"505",2010-05-22,0.290212183436003,1025,0.244932573575405,0.25368006436762,1056.98536381482,73.1774922064685
"506",2010-05-22,0.290212183436003,1040,0.23673906531926,0.246609399934859,1056.98536381482,63.3327646704279
"507",2010-05-22,0.290212183436003,1050,0.233223038983294,0.24209561978504,1056.98536381482,57.3368597678035
"508",2010-05-22,0.290212183436003,1060,0.22672351510433,0.237748844108262,1056.98536381482,51.3024685560434
"509",2010-05-22,0.290212183436003,1075,0.219855593338738,0.230464373187185,1056.98536381482,43.0440223892226
"510",2010-05-22,0.290212183436003,1080,0.217900234881704,0.228107893660711,1056.98536381482,40.4914117570956
"511",2010-05-22,0.290212183436003,1100,0.20999883507797,0.220099611785855,1056.98536381482,31.2319418278051
"512",2010-05-22,0.290212183436003,1120,0.202856383137005,0.212660357235666,1056.98536381482,23.4239563655622
"513",2010-05-22,0.290212183436003,1125,0.201151172684822,0.211168857083639,1056.98536381482,21.7222159548315
"514",2010-05-22,0.290212183436003,1135,0.198024999870335,0.208028407239602,1056.98536381482,18.568991060431
"515",2010-05-22,0.290212183436003,1140,0.196080473713478,0.206378842583656,1056.98536381482,17.0674553835076
"516",2010-05-22,0.290212183436003,1150,0.193088151598047,0.203490417941533,1056.98536381482,14.4147423709714
"517",2010-05-22,0.290212183436003,1160,0.189464092862061,0.20068294822317,1056.98536381482,12.0122853200265
"518",2010-05-22,0.290212183436003,1175,0.185032139295724,0.197107995070641,1056.98536381482,9.05926517593684
"519",2010-05-22,0.290212183436003,1180,0.183039649735236,0.195751724993714,1056.98536381482,8.15834377717017
"520",2010-05-22,0.290212183436003,1190,0.181605838031787,0.194001048537592,1056.98536381482,6.75691049671911
"521",2010-05-22,0.290212183436003,1200,0.17630802149871,0.192254193268889,1056.98536381482,5.35547720698322
"522",2010-05-22,0.290212183436003,1220,0.169125895652625,0.191721054023076,1056.98536381482,3.47855762161934
"523",2010-05-22,0.290212183436003,1225,0.169143443225122,0.187776508126159,1056.98536381482,3.00307132713088
"524",2010-05-22,0.290212183436003,1240,0.162638525096702,0.187426077198225,1056.98536381482,2.07712433856237
"525",2010-05-22,0.290212183436003,1250,0.165802410218137,0.186984134950667,1056.98536381482,1.75179160735979
"526",2010-05-22,0.290212183436003,1260,0.150448454395061,0.187833895350091,1056.98536381482,1.22625412709976
"527",2010-05-22,0.290212183436003,1275,0.12236527562764,0.189766958526766,1056.98536381482,0.800819021247207
"528",2010-05-22,0.290212183436003,1280,0.124655165881068,0.191855811888528,1056.98536381482,0.775793425668262
"529",2010-05-22,0.290212183436003,1300,NA,0.199496678131034,1056.98536381482,NA
"530",2010-05-22,0.290212183436003,1320,NA,0.204405984866484,1056.98536381482,NA
"531",2010-05-22,0.290212183436003,1325,NA,0.207281045466218,1056.98536381482,NA
"532",2010-05-22,0.290212183436003,1340,NA,0.214203992388862,1056.98536381482,NA
"533",2010-05-22,0.290212183436003,1350,0.15540551877006,0.219769612620016,1056.98536381482,0.525537483353841
"534",2010-05-22,0.290212183436003,1375,NA,0.233403834160877,1056.98536381482,NA
"535",2010-05-22,0.290212183436003,1400,NA,0.24666048414223,1056.98536381482,NA
"536",2010-05-22,0.290212183436003,1425,NA,0.259564245086128,1056.98536381482,NA
"537",2010-05-22,0.290212183436003,1450,NA,0.272136835435012,1056.98536381482,NA
"538",2010-05-22,0.290212183436003,1500,NA,0.296363681433552,1056.98536381482,NA
"539",2010-06-19,0.366872005475702,200,NA,1.00290030635635,1056.10650661661,NA
"540",2010-06-19,0.366872005475702,300,NA,0.660475346542343,1056.10650661661,NA
"541",2010-06-19,0.366872005475702,400,0.51398179932612,0.545198404746731,1056.10650661661,656.181528051374
"542",2010-06-19,0.366872005475702,500,0.454624801518505,0.513382669327535,1056.10650661661,556.506620934751
"543",2010-06-19,0.366872005475702,550,0.352068239759392,0.512100638756529,1056.10650661661,506.881728108014
"544",2010-06-19,0.366872005475702,600,0.418655771668771,0.447983209037398,1056.10650661661,457.2818424279
"545",2010-06-19,0.366872005475702,650,0.377778058778674,0.42991706492578,1056.10650661661,407.982042483225
"546",2010-06-19,0.366872005475702,675,0.373226957040831,0.415978095721018,1056.10650661661,383.557206816398
"547",2010-06-19,0.366872005475702,700,0.367249969009129,0.391310240107167,1056.10650661661,359.007335425535
"548",2010-06-19,0.366872005475702,750,0.347945893178008,0.376405921293383,1056.10650661661,311.107935600607
"549",2010-06-19,0.366872005475702,775,0.337079589977516,0.362498692435079,1056.10650661661,287.258264265473
"550",2010-06-19,0.366872005475702,800,0.331560333894509,0.344072815956832,1056.10650661661,263.658664373286
"551",2010-06-19,0.366872005475702,815,0.326083772694224,0.343347561598581,1056.10650661661,250.059064489187
"552",2010-06-19,0.366872005475702,825,0.323287651286952,0.338526025612945,1056.10650661661,240.909307420295
"553",2010-06-19,0.366872005475702,850,0.312769407052212,0.323534702207684,1056.10650661661,217.959893297358
"554",2010-06-19,0.366872005475702,875,0.300282561681024,0.314691638219748,1056.10650661661,195.710679243126
"555",2010-06-19,0.366872005475702,900,0.29751924640248,0.303789959895413,1056.10650661661,174.611793842977
"556",2010-06-19,0.366872005475702,925,0.280780985946752,0.293152538239818,1056.10650661661,153.112794134181
"557",2010-06-19,0.366872005475702,950,0.269973925630423,0.282138080389676,1056.10650661661,132.814137366929
"558",2010-06-19,0.366872005475702,975,0.260527380766768,0.271635067790125,1056.10650661661,113.615794990994
"559",2010-06-19,0.366872005475702,1000,0.251030449605597,0.261346321082854,1056.10650661661,95.5177669808577
"560",2010-06-19,0.366872005475702,1025,0.241246795655842,0.250609982055899,1056.10650661661,78.5700676299894
"561",2010-06-19,0.366872005475702,1050,0.229764426355746,0.240414024471927,1056.10650661661,62.8727255385252
"562",2010-06-19,0.366872005475702,1075,0.219438779047358,0.230042421051095,1056.10650661661,48.8639611331169
"563",2010-06-19,0.366872005475702,1100,0.210061444111163,0.219762038493659,1056.10650661661,36.7104887282388
"564",2010-06-19,0.366872005475702,1125,0.201676242748121,0.212048160344802,1056.10650661661,26.8076593268062
"565",2010-06-19,0.366872005475702,1130,0.200243817114596,0.210368706491534,1056.10650661661,25.0571591988519
"566",2010-06-19,0.366872005475702,1150,0.194908773289906,0.205505247165721,1056.10650661661,19.0054301111605
"567",2010-06-19,0.366872005475702,1160,0.19216804200172,0.20287138194155,1056.10650661661,16.3546727637688
"568",2010-06-19,0.366872005475702,1170,0.18905697582147,0.20047906774175,1056.10650661661,13.9539868595909
"569",2010-06-19,0.366872005475702,1175,0.187498293842409,0.199334931701523,1056.10650661661,12.8536724697222
"570",2010-06-19,0.366872005475702,1180,0.186149005483371,0.19786031191668,1056.10650661661,11.8033723964831
"571",2010-06-19,0.366872005475702,1190,0.183577448358785,0.193790235669276,1056.10650661661,9.80280080526991
"572",2010-06-19,0.366872005475702,1200,0.184406592623348,0.191323174538272,1056.10650661661,8.40240068259251
"573",2010-06-19,0.366872005475702,1210,0.177115618014799,0.191020202499068,1056.10650661661,6.80194341219057
"574",2010-06-19,0.366872005475702,1220,0.174085695496649,0.189597795859178,1056.10650661661,5.60160045872509
"575",2010-06-19,0.366872005475702,1225,0.172845702789392,0.187543163363343,1056.10650661661,5.00142898399859
"576",2010-06-19,0.366872005475702,1230,0.171162424256244,0.186809862523566,1056.10650661661,4.50128608424438
"577",2010-06-19,0.366872005475702,1240,0.168627472910973,0.187306666510168,1056.10650661661,3.75107173674375
"578",2010-06-19,0.366872005475702,1250,0.165489609087791,0.184644528224381,1056.10650661661,2.95084309756376
"579",2010-06-19,0.366872005475702,1275,0.162122439240346,0.183710989102048,1056.10650661661,1.80051443297009
"580",2010-06-19,0.366872005475702,1300,0.149778042276288,0.182352658182887,1056.10650661661,0.950271507944598
"581",2010-06-19,0.366872005475702,1325,NA,0.193606464333991,1056.10650661661,NA
"582",2010-06-19,0.366872005475702,1350,NA,0.202866860079412,1056.10650661661,NA
"583",2010-06-19,0.366872005475702,1400,0.156986613608956,0.219926219313068,1056.10650661661,0.525150043585529
"584",2010-06-19,0.366872005475702,1450,NA,0.242576210318733,1056.10650661661,NA
"585",2010-06-19,0.366872005475702,1500,NA,0.264116155619419,1056.10650661661,NA
"586",2010-06-19,0.366872005475702,1550,NA,0.284663246881629,1056.10650661661,NA
"587",2010-06-19,0.366872005475702,1600,NA,0.236365994521613,1056.10650661661,NA
"588",2010-06-19,0.366872005475702,1650,NA,0.323149186321096,1056.10650661661,NA
"589",2010-06-19,0.366872005475702,1700,NA,0.341238152201367,1056.10650661661,NA
"590",2010-06-19,0.366872005475702,1750,NA,0.358640559448766,1056.10650661661,NA
"591",2010-06-19,0.366872005475702,1800,NA,0.37540857769802,1056.10650661661,NA
"592",2010-06-19,0.366872005475702,1900,NA,0.407220107322677,1056.10650661661,NA
"593",2010-06-19,0.366872005475702,2000,NA,0.436983050626756,1056.10650661661,NA
"594",2010-06-30,0.396988364134155,400,NA,0.623431636070651,1056.02816382775,NA
"595",2010-06-30,0.396988364134155,450,NA,0.602379902432702,1056.02816382775,NA
"596",2010-06-30,0.396988364134155,500,0.385042786825322,0.557114284332625,1056.02816382775,556.80299824672
"597",2010-06-30,0.396988364134155,550,0.3737384986251,0.492211688419538,1056.02816382775,506.852987563805
"598",2010-06-30,0.396988364134155,600,0.399307515204383,0.443053781368762,1056.02816382775,457.327886078047
"599",2010-06-30,0.396988364134155,650,0.385205279913603,0.419892892555558,1056.02816382775,408.302677766503
"600",2010-06-30,0.396988364134155,700,0.36625331153657,0.397378946241208,1056.02816382775,359.752367967284
"601",2010-06-30,0.396988364134155,750,0.350226373289934,0.368547749263506,1056.02816382775,311.776935321863
"602",2010-06-30,0.396988364134155,800,0.32959867474922,0.343943275244028,1056.02816382775,264.726305049908
"603",2010-06-30,0.396988364134155,850,0.308553739329508,0.32308702417722,1056.02816382775,219.175354289684
"604",2010-06-30,0.396988364134155,900,0.287696491456507,0.302524362656754,1056.02816382775,175.573986917344
"605",2010-06-30,0.396988364134155,950,0.26719342526759,0.281615544687934,1056.02816382775,134.6220533463
"606",2010-06-30,0.396988364134155,1000,0.246921582317769,0.262554012321802,1056.02816382775,97.5192972152963
"607",2010-06-30,0.396988364134155,1050,0.228595742544201,0.243378764887234,1056.02816382775,65.4654621524346
"608",2010-06-30,0.396988364134155,1100,0.209760512104954,0.223299540691638,1056.02816382775,39.2416141215086
"609",2010-06-30,0.396988364134155,1150,0.194393822482938,0.209338076408721,1056.02816382775,21.0455026065318
"610",2010-06-30,0.396988364134155,1175,0.187943501539744,0.202545995878358,1056.02816382775,14.5968806654682
"611",2010-06-30,0.396988364134155,1200,0.181346717461526,0.194045479027243,1056.02816382775,9.49797029165181
"612",2010-06-30,0.396988364134155,1225,0.172650223856229,0.191291528342706,1056.02816382775,6.04870740077144
"613",2010-06-30,0.396988364134155,1250,0.169574585186717,0.187695976081056,1056.02816382775,3.8491774344489
"614",2010-06-30,0.396988364134155,1300,0.153874925916406,0.183621365165829,1056.02816382775,1.29972225196392
"615",2010-06-30,0.396988364134155,1350,NA,0.199744666922702,1056.02816382775,NA
"616",2010-06-30,0.396988364134155,1400,NA,0.215861892090814,1056.02816382775,NA
"617",2010-06-30,0.396988364134155,1450,NA,0.234850919830359,1056.02816382775,NA
"618",2010-06-30,0.396988364134155,1500,NA,0.253930422647644,1056.02816382775,NA
"619",2010-06-30,0.396988364134155,1550,NA,0.273681351852194,1056.02816382775,NA
"620",2010-09-18,0.616016427104723,200,NA,0.810873712490352,1050.80733035587,NA
"621",2010-09-18,0.616016427104723,250,NA,0.703496328953603,1050.80733035587,NA
"622",2010-09-18,0.616016427104723,300,NA,0.687097828215334,1050.80733035587,NA
"623",2010-09-18,0.616016427104723,350,NA,0.606276598285408,1050.80733035587,NA
"624",2010-09-18,0.616016427104723,400,0.457259965210072,0.540060091756471,1050.80733035587,651.458367722486
"625",2010-09-18,0.616016427104723,450,0.348677251919178,0.502539526082206,1050.80733035587,601.583567216827
"626",2010-09-18,0.616016427104723,500,0.394023152499011,0.466271948412054,1050.80733035587,552.13444498875
"627",2010-09-18,0.616016427104723,550,0.390860728244346,0.436012358864134,1050.80733035587,502.985801544769
"628",2010-09-18,0.616016427104723,600,0.377914561418762,0.415941788983562,1050.80733035587,454.388035873507
"629",2010-09-18,0.616016427104723,650,0.357795708574501,0.390595002705283,1050.80733035587,406.015629288327
"630",2010-09-18,0.616016427104723,675,0.352888013172625,0.379291885788717,1050.80733035587,382.267624226334
"631",2010-09-18,0.616016427104723,700,0.350172226777523,0.361035540141512,1050.80733035587,358.519619168619
"632",2010-09-18,0.616016427104723,725,0.338566391170597,0.357206758513733,1050.80733035587,335.322491874294
"633",2010-09-18,0.616016427104723,750,0.329610106879342,0.346726653539134,1050.80733035587,312.175444383486
"634",2010-09-18,0.616016427104723,775,0.321370528278219,0.335724911298039,1050.80733035587,289.32887567336
"635",2010-09-18,0.616016427104723,800,0.312661693339136,0.326010557788656,1050.80733035587,266.882945337364
"636",2010-09-18,0.616016427104723,825,0.303930382966982,0.316408723762354,1050.80733035587,244.83765339553
"637",2010-09-18,0.616016427104723,850,0.294381883019664,0.307140671235697,1050.80733035587,223.192999817372
"638",2010-09-18,0.616016427104723,875,0.286777090392932,0.297402399616368,1050.80733035587,202.199383624134
"639",2010-09-18,0.616016427104723,900,0.278599843611017,0.288719749539065,1050.80733035587,181.856804780231
"640",2010-09-18,0.616016427104723,925,0.269304682612519,0.280188983476246,1050.80733035587,162.065103728995
"641",2010-09-18,0.616016427104723,950,0.262101736613721,0.271861212265287,1050.80733035587,143.325078392845
"642",2010-09-18,0.616016427104723,975,0.253558500287148,0.259005182039894,1050.80733035587,124.585053093656
"643",2010-09-18,0.616016427104723,990,0.24868230119611,0.257913102711532,1050.80733035587,114.793352045769
"644",2010-09-18,0.616016427104723,1000,0.246184716549801,0.254600756040556,1050.80733035587,108.198778245946
"645",2010-09-18,0.616016427104723,1025,0.237974622893793,0.246406133980819,1050.80733035587,92.1630620157314
"646",2010-09-18,0.616016427104723,1050,0.22932286827875,0.238191558916999,1050.80733035587,77.1790214995564
"647",2010-09-18,0.616016427104723,1075,0.220102892224105,0.229852192157909,1050.80733035587,63.3008640184849
"648",2010-09-18,0.616016427104723,1090,0.215689042113426,0.225200125885272,1050.80733035587,55.8389741640573
"649",2010-09-18,0.616016427104723,1100,0.212618120738274,0.222214073462517,1050.80733035587,51.1314732052437
"650",2010-09-18,0.616016427104723,1125,0.206419275662194,0.215418228933761,1050.80733035587,40.6647955509572
"651",2010-09-18,0.616016427104723,1150,0.199907568483243,0.20913834336866,1050.80733035587,31.6003522055307
"652",2010-09-18,0.616016427104723,1175,0.193426484063661,0.202771987121852,1050.80733035587,23.8880633837406
"653",2010-09-18,0.616016427104723,1200,0.18716715817199,0.196854393605269,1050.80733035587,17.5780089205414
"654",2010-09-18,0.616016427104723,1225,0.181636239747562,0.191426650442596,1050.80733035587,12.6201089577229
"655",2010-09-18,0.616016427104723,1240,0.178589498416829,0.188909194137408,1050.80733035587,10.266358469872
"656",2010-09-18,0.616016427104723,1250,0.176164759785037,0.187316849503888,1050.80733035587,8.86412415544365
"657",2010-09-18,0.616016427104723,1275,0.170327542025987,0.184167230207028,1050.80733035587,6.0596554966998
"658",2010-09-18,0.616016427104723,1300,0.164313029698082,0.182073635394726,1050.80733035587,4.05646359874688
"659",2010-09-18,0.616016427104723,1325,0.164621440661123,0.178927129625648,1050.80733035587,2.80446865751587
"660",2010-09-18,0.616016427104723,1350,0.156229353186276,0.179890424213202,1050.80733035587,1.82791260865639
"661",2010-09-18,0.616016427104723,1400,NA,0.183321443353576,1050.80733035587,NA
"662",2010-09-18,0.616016427104723,1450,NA,0.196079082259344,1050.80733035587,NA
"663",2010-09-18,0.616016427104723,1500,NA,0.215463174561212,1050.80733035587,NA
"664",2010-09-30,0.648870636550308,500,0.39497004591395,0.459660594228714,1051.32272226278,552.801685072117
"665",2010-09-30,0.648870636550308,550,0.390262322494582,0.43004490510177,1051.32272226278,503.729170224743
"666",2010-09-30,0.648870636550308,600,0.376519466977526,0.410745988361155,1051.32272226278,455.233200198617
"667",2010-09-30,0.648870636550308,650,0.356932207092565,0.387341066985475,1051.32272226278,407.038036169171
"668",2010-09-30,0.648870636550308,700,0.344827566610693,0.366002135584428,1051.32272226278,359.895693126795
"669",2010-09-30,0.648870636550308,750,0.326484737767133,0.345048664481653,1051.32272226278,313.455230735229
"670",2010-09-30,0.648870636550308,800,0.307002286887451,0.325891483686399,1051.32272226278,268.217992328122
"671",2010-09-30,0.648870636550308,850,0.29237058758257,0.307550563472041,1051.32272226278,225.036261556747
"672",2010-09-30,0.648870636550308,900,0.274101167039532,0.290012985957912,1051.32272226278,183.659366737742
"673",2010-09-30,0.648870636550308,950,0.259224096687013,0.272919795704138,1051.32272226278,145.390800581244
"674",2010-09-30,0.648870636550308,1000,0.243811093120958,0.256428794407049,1051.32272226278,110.481234671718
"675",2010-09-30,0.648870636550308,1050,0.228567435722141,0.240201279254789,1051.32272226278,79.6826840177375
"676",2010-09-30,0.648870636550308,1100,0.21300633018437,0.224446184608936,1051.32272226278,53.6437357958785
"677",2010-09-30,0.648870636550308,1150,0.200032342716215,0.212551812753749,1051.32272226278,33.8908088097072
"678",2010-09-30,0.648870636550308,1175,0.193923828944952,0.206431031281392,1051.32272226278,26.0197185976746
"679",2010-09-30,0.648870636550308,1200,0.188604995517269,0.199371865189968,1051.32272226278,19.4019866880982
"680",2010-09-30,0.648870636550308,1225,0.182899749513981,0.194340375917649,1051.32272226278,14.1880161124809
"681",2010-09-30,0.648870636550308,1250,0.183283351096121,0.191194760725783,1051.32272226278,10.7788814962667
"682",2010-09-30,0.648870636550308,1300,0.166722434540241,0.184851001275018,1051.32272226278,4.91316459291828
"683",2010-09-30,0.648870636550308,1350,0.157849604755225,0.17750037632868,1051.32272226278,2.08057479731418
"684",2010-09-30,0.648870636550308,1400,0.127739385087395,0.179316895690117,1051.32272226278,0.827216487346469
"685",2010-09-30,0.648870636550308,1450,NA,0.193029325771776,1051.32272226278,NA
"686",2010-09-30,0.648870636550308,1500,NA,0.203631069332652,1051.32272226278,NA
"687",2010-09-30,0.648870636550308,1550,NA,0.217815569801638,1051.32272226278,NA
"688",2010-12-18,0.865160848733744,100,NA,0.800064933156277,1046.42419095956,NA
"689",2010-12-18,0.865160848733744,200,0.562656986606966,0.596131001096543,1046.42419095956,846.498490421746
"690",2010-12-18,0.865160848733744,250,0.536120259515934,0.550955918028097,1046.42419095956,796.597556371127
"691",2010-12-18,0.865160848733744,300,0.427017852221303,0.531258030117997,1046.42419095956,746.696622320652
"692",2010-12-18,0.865160848733744,325,0.400431684561725,0.509098665956438,1046.42419095956,721.746155295282
"693",2010-12-18,0.865160848733744,350,0.398515695874784,0.482815293530296,1046.42419095956,696.795688270131
"694",2010-12-18,0.865160848733744,400,0.430774186993599,0.434435372904022,1046.42419095956,647.142419093285
"695",2010-12-18,0.865160848733744,425,0.421145165769595,0.423970100114538,1046.42419095956,622.390083966629
"696",2010-12-18,0.865160848733744,450,0.401491035323067,0.436545758734748,1046.42419095956,597.885413714285
"697",2010-12-18,0.865160848733744,475,0.398687664006109,0.44172737254948,1046.42419095956,573.67794131028
"698",2010-12-18,0.865160848733744,500,0.395352857181573,0.415774580929228,1046.42419095956,548.999905645585
"699",2010-12-18,0.865160848733744,525,0.376905636972703,0.41854935991555,1046.42419095956,524.792433242388
"700",2010-12-18,0.865160848733744,550,0.371612152981348,0.393582739948782,1046.42419095956,500.188697038509
"701",2010-12-18,0.865160848733744,575,0.366463232081443,0.398211319139203,1046.42419095956,476.674686285067
"702",2010-12-18,0.865160848733744,600,0.364977563754963,0.373849948687931,1046.42419095956,452.417680901748
"703",2010-12-18,0.865160848733744,650,0.345518927812147,0.365863248030954,1046.42419095956,405.538258312296
"704",2010-12-18,0.865160848733744,675,0.34042913570939,0.356501625670745,1046.42419095956,382.420511350587
"705",2010-12-18,0.865160848733744,700,0.334951237188096,0.347633028019235,1046.42419095956,359.599962239904
"706",2010-12-18,0.865160848733744,725,0.325136093330344,0.337736209063439,1046.42419095956,336.680347187313
"707",2010-12-18,0.865160848733744,750,0.316780617601096,0.328627561417614,1046.42419095956,314.206528897814
"708",2010-12-18,0.865160848733744,775,0.308775963082149,0.319946369878774,1046.42419095956,292.128974406081
"709",2010-12-18,0.865160848733744,800,0.300850852096704,0.309154628363605,1046.42419095956,270.200018826418
"710",2010-12-18,0.865160848733744,825,0.293233917788463,0.303286809527541,1046.42419095956,249.26172276638
"711",2010-12-18,0.865160848733744,850,0.282557672350635,0.294130756252996,1046.42419095956,228.026228841602
"712",2010-12-18,0.865160848733744,875,0.275821757119882,0.286137581448934,1046.42419095956,207.929993341568
"713",2010-12-18,0.865160848733744,900,0.269982508932101,0.279226090667072,1046.42419095956,188.725351388227
"714",2010-12-18,0.865160848733744,925,0.262822165556883,0.271174862597918,1046.42419095956,169.817907293167
"715",2010-12-18,0.865160848733744,930,0.261004821101852,0.269564602519483,1046.42419095956,166.056231660009
"716",2010-12-18,0.865160848733744,935,0.259409677843995,0.268171732629528,1046.42419095956,162.393621949296
"717",2010-12-18,0.865160848733744,940,0.258027286206119,0.266689652514305,1046.42419095956,158.780545264893
"718",2010-12-18,0.865160848733744,945,0.256552569942078,0.265119849088511,1046.42419095956,155.167468553734
"719",2010-12-18,0.865160848733744,950,0.254987041432421,0.263755193761473,1046.42419095956,151.603924841289
"720",2010-12-18,0.865160848733744,975,0.247787845171139,0.255865263777321,1046.42419095956,134.182469971906
"721",2010-12-18,0.865160848733744,1000,0.241490604118822,0.246046255512961,1046.42419095956,117.404943771075
"722",2010-12-18,0.865160848733744,1025,0.233752407536832,0.241306848208567,1046.42419095956,102.212472750044
"723",2010-12-18,0.865160848733744,1030,0.232265152178477,0.239787197667569,1046.42419095956,99.1937917558809
"724",2010-12-18,0.865160848733744,1035,0.230931559806242,0.238166480728371,1046.42419095956,96.2246437277471
"725",2010-12-18,0.865160848733744,1040,0.229233614252217,0.236701850687813,1046.42419095956,93.2554956957447
"726",2010-12-18,0.865160848733744,1045,0.227173196496963,0.235133581179403,1046.42419095956,90.2368146710987
"727",2010-12-18,0.865160848733744,1050,0.225031607139933,0.234766675155124,1046.42419095956,87.4752333927567
"728",2010-12-18,0.865160848733744,1075,0.218758918224508,0.227691440547867,1046.42419095956,74.1508632090514
"729",2010-12-18,0.865160848733744,1100,0.212908345736296,0.221160503886058,1046.42419095956,62.1143503294392
"730",2010-12-18,0.865160848733744,1125,0.207142037277366,0.215081361409453,1046.42419095956,51.3161618429235
"731",2010-12-18,0.865160848733744,1150,0.202248082230406,0.209701176525091,1046.42419095956,41.9544296117914
"732",2010-12-18,0.865160848733744,1175,0.196617201461585,0.203953455081963,1046.42419095956,33.5338239086897
"733",2010-12-18,0.865160848733744,1200,0.193038009045111,0.199378898712675,1046.42419095956,26.7478063597476
"734",2010-12-18,0.865160848733744,1225,0.186625043886942,0.195051021899241,1046.42419095956,20.6057174980433
"735",2010-12-18,0.865160848733744,1250,0.182592747903931,0.191287534133015,1046.42419095956,15.8505519210248
"736",2010-12-18,0.865160848733744,1255,0.181503860829212,0.190440352187449,1046.42419095956,14.9589583586139
"737",2010-12-18,0.865160848733744,1260,0.18110972147766,0.189859789996138,1046.42419095956,14.2159637577587
"738",2010-12-18,0.865160848733744,1265,0.179707877276064,0.189153066046739,1046.42419095956,13.3739031903726
"739",2010-12-18,0.865160848733744,1270,0.179032030599031,0.188312776033745,1046.42419095956,12.6309085617149
"740",2010-12-18,0.865160848733744,1275,0.178213749193666,0.187770826912935,1046.42419095956,11.9374469078719
"741",2010-12-18,0.865160848733744,1300,0.177149151448251,0.185049861345684,1046.42419095956,9.16360032574238
"742",2010-12-18,0.865160848733744,1325,0.169390338149323,0.1822855025493,1046.42419095956,6.43928671492151
"743",2010-12-18,0.865160848733744,1350,0.164964828171048,0.180778034144135,1046.42419095956,4.65609962927239
"744",2010-12-18,0.865160848733744,1375,0.159396255210776,0.178580731469981,1046.42419095956,3.21964336457561
"745",2010-12-18,0.865160848733744,1400,0.157973765624969,0.175910058340393,1046.42419095956,2.2785168340537
"746",2010-12-18,0.865160848733744,1425,0.158682283534478,0.175929487621049,1046.42419095956,1.73365411801445
"747",2010-12-18,0.865160848733744,1450,0.147662744446577,0.178184243148273,1046.42419095956,1.18879139322298
"748",2010-12-18,0.865160848733744,1500,0.127433842161327,0.186271587324794,1046.42419095956,0.767761109168128
"749",2010-12-18,0.865160848733744,1550,0.137838078252058,0.200164705627458,1046.42419095956,0.76776110871702
"750",2010-12-18,0.865160848733744,1600,0.14782988585314,0.201839207755012,1046.42419095956,0.520096235788408
"751",2010-12-18,0.865160848733744,1700,0.166705489125996,0.237266536594091,1046.42419095956,0.742994619714548
"752",2010-12-18,0.865160848733744,1800,NA,0.247999381269642,1046.42419095956,NA
"753",2010-12-18,0.865160848733744,1900,0.200726247155894,0.259580411390832,1046.42419095956,0.39626379723699
"754",2010-12-18,0.865160848733744,2000,NA,0.284403111024243,1046.42419095956,NA
"755",2010-12-18,0.865160848733744,2100,NA,0.243823719090206,1046.42419095956,NA
"756",2010-12-18,0.865160848733744,2150,NA,0.284982746549593,1046.42419095956,NA
"757",2010-12-18,0.865160848733744,2250,NA,0.292156002566789,1046.42419095956,NA
"758",2010-12-18,0.865160848733744,2500,NA,0.281971736282549,1046.42419095956,NA
"759",2010-12-31,0.900752908966461,500,0.391055724199443,0.425491734809177,1046.67335354508,549.732531070916
"760",2010-12-31,0.900752908966461,550,0.370891974331128,0.403754728054548,1046.67335354508,501.186894161278
"761",2010-12-31,0.900752908966461,600,0.362531534943596,0.385724825051248,1046.67335354508,453.694416721952
"762",2010-12-31,0.900752908966461,650,0.343546011887314,0.364890233200585,1046.67335354508,406.402541079871
"763",2010-12-31,0.900752908966461,700,0.330211970746241,0.346698836389022,1046.67335354508,360.414577186853
"764",2010-12-31,0.900752908966461,750,0.312928532536271,0.328360169829776,1046.67335354508,315.22902050754
"765",2010-12-31,0.900752908966461,800,0.297240670794675,0.312112448179068,1046.67335354508,271.698428708663
"766",2010-12-31,0.900752908966461,850,0.282768155035994,0.295993422502485,1046.67335354508,230.023403612804
"767",2010-12-31,0.900752908966461,900,0.269413618831994,0.281125393545935,1046.67335354508,190.805750642549
"768",2010-12-31,0.900752908966461,950,0.254956075247854,0.266229738360402,1046.67335354508,153.995319327617
"769",2010-12-31,0.900752908966461,1000,0.241631508567747,0.251462942567001,1046.67335354508,120.444667335953
"770",2010-12-31,0.900752908966461,1050,0.22697286479111,0.237143087604039,1046.67335354508,90.2708122238236
"771",2010-12-31,0.900752908966461,1100,0.214398629930287,0.224614334608742,1046.67335354508,64.8946839059844
"772",2010-12-31,0.900752908966461,1150,0.202926337103891,0.213256597660444,1046.67335354508,44.3329989170309
"773",2010-12-31,0.900752908966461,1200,0.191895165797033,0.201212147974492,1046.67335354508,28.1845536032083
"774",2010-12-31,0.900752908966461,1250,0.183470300278654,0.193368280622804,1046.67335354508,17.2517552343618
"775",2010-12-31,0.900752908966461,1300,0.175105938276853,0.187698949910452,1046.67335354508,9.97993980126286
"776",2010-12-31,0.900752908966461,1350,0.165372413492271,0.182284089994889,1046.67335354508,5.26579738599908
"777",2010-12-31,0.900752908966461,1400,0.160789263489445,0.175768497454572,1046.67335354508,2.65797391612359
"778",2010-12-31,0.900752908966461,1450,0.144842798207136,0.175602882980475,1046.67335354508,1.22868605644505
"779",2010-12-31,0.900752908966461,1500,NA,0.182786597750184,1046.67335354508,NA
"780",2010-12-31,0.900752908966461,1550,NA,0.1902384165695,1046.67335354508,NA
"781",2010-12-31,0.900752908966461,1600,NA,0.198037176185402,1046.67335354508,NA
"782",2011-06-18,1.36344969199179,100,NA,0.63700445696936,1040.24616836097,NA
"783",2011-06-18,1.36344969199179,200,0.491957324433808,0.505596739989771,1040.24616836097,840.423068776943
"784",2011-06-18,1.36344969199179,225,0.415942107088429,0.59330141130288,1040.24616836097,816.029584488498
"785",2011-06-18,1.36344969199179,250,0.387790553819002,0.497244463790124,1040.24616836097,790.599969192413
"786",2011-06-18,1.36344969199179,275,0.362407754606435,0.517566346701879,1040.24616836097,766.029584489175
"787",2011-06-18,1.36344969199179,300,0.359699593123875,0.459410448406652,1040.24616836097,740.802141096142
"788",2011-06-18,1.36344969199179,325,0.391671665152576,0.474473813396557,1040.24616836097,716.484471272276
"789",2011-06-18,1.36344969199179,350,0.399540446256249,0.45988101659977,1040.24616836097,691.939358055025
"790",2011-06-18,1.36344969199179,375,0.398355766979486,0.445598610408571,1040.24616836097,667.44478781418
"791",2011-06-18,1.36344969199179,400,0.396109205199169,0.433663902827159,1040.24616836097,643.101846505222
"792",2011-06-18,1.36344969199179,425,0.389270368783101,0.421373304439219,1040.24616836097,618.784176680954
"793",2011-06-18,1.36344969199179,450,0.371849093376898,0.411141848767721,1040.24616836097,594.365420903459
"794",2011-06-18,1.36344969199179,475,0.372232410323576,0.404671314195641,1040.24616836097,570.654266790355
"795",2011-06-18,1.36344969199179,500,0.366082608694274,0.394913096557147,1040.24616836097,546.816755238867
"796",2011-06-18,1.36344969199179,525,0.358918815205475,0.384893699543426,1040.24616836097,523.080329635178
"797",2011-06-18,1.36344969199179,550,0.351979197754264,0.37634641589267,1040.24616836097,499.596618911377
"798",2011-06-18,1.36344969199179,600,0.34168431639609,0.35967975857238,1040.24616836097,453.488428060709
"799",2011-06-18,1.36344969199179,650,0.326272550179386,0.343462307670211,1040.24616836097,407.98675292749
"800",2011-06-18,1.36344969199179,700,0.313379166206237,0.327876559046077,1040.24616836097,363.799195164016
"801",2011-06-18,1.36344969199179,750,0.300366783218713,0.312874671532437,1040.24616836097,320.925754771473
"802",2011-06-18,1.36344969199179,800,0.288275977388168,0.298637834954814,1040.24616836097,279.77077555681
"803",2011-06-18,1.36344969199179,850,0.275819411351148,0.285154633190192,1040.24616836097,240.435343507513
"804",2011-06-18,1.36344969199179,900,0.26374828320245,0.272087826621791,1040.24616836097,203.273259389841
"805",2011-06-18,1.36344969199179,950,0.251541964559861,0.259864191927676,1040.24616836097,168.587781129597
"806",2011-06-18,1.36344969199179,975,0.245497687016952,0.253533652309819,1040.24616836097,152.18008702233
"807",2011-06-18,1.36344969199179,1000,0.239664345888119,0.248127469701306,1040.24616836097,136.732709511777
"808",2011-06-18,1.36344969199179,1025,0.233732283256705,0.241806752771747,1040.24616836097,121.790761693456
"809",2011-06-18,1.36344969199179,1050,0.22710140040313,0.236326779583899,1040.24616836097,107.656538837212
"810",2011-06-18,1.36344969199179,1075,0.221442128993218,0.231455543132512,1040.24616836097,94.7175369716995
"811",2011-06-18,1.36344969199179,1100,0.216291416024954,0.225714686700912,1040.24616836097,82.5366797594729
"812",2011-06-18,1.36344969199179,1125,0.211184591633018,0.220733238700199,1040.24616836097,71.4172250528022
"813",2011-06-18,1.36344969199179,1150,0.206305790077461,0.21542878445651,1040.24616836097,61.1570009001551
"814",2011-06-18,1.36344969199179,1175,0.201430885088245,0.209974864581129,1040.24616836097,51.7560074221502
"815",2011-06-18,1.36344969199179,1200,0.196560373613274,0.20503735055872,1040.24616836097,43.3658733568522
"816",2011-06-18,1.36344969199179,1225,0.192724091637349,0.200948613953862,1040.24616836097,36.239313768911
"817",2011-06-18,1.36344969199179,1250,0.188850065194742,0.197916550848981,1040.24616836097,30.1236136737167
"818",2011-06-18,1.36344969199179,1275,0.184738220148502,0.194571847557938,1040.24616836097,24.6649722556612
"819",2011-06-18,1.36344969199179,1300,0.180777486846604,0.186892189547412,1040.24616836097,19.2568738363298
"820",2011-06-18,1.36344969199179,1325,0.177200559872292,0.188509337629401,1040.24616836097,16.0726663532974
"821",2011-06-18,1.36344969199179,1350,0.173137086847462,0.185527986202861,1040.24616836097,12.6862869652508
"822",2011-06-18,1.36344969199179,1375,0.170106326284513,0.182882001416092,1040.24616836097,10.007509250228
"823",2011-06-18,1.36344969199179,1400,0.166140751560419,0.181447614184395,1040.24616836097,7.83416127263248
"824",2011-06-18,1.36344969199179,1450,0.159860749871035,0.177517959698889,1040.24616836097,4.64995378326741
"825",2011-06-18,1.36344969199179,1500,0.155230556436658,0.171675620829832,1040.24616836097,2.57769177376064
"826",2011-06-18,1.36344969199179,1550,0.144742778964755,0.170532188374706,1040.24616836097,1.38993183786911
"827",2011-06-18,1.36344969199179,1600,0.14139144640321,0.172630143231848,1040.24616836097,0.909773568568353
"828",2011-06-18,1.36344969199179,1650,0.127152831872584,0.182770809649757,1040.24616836097,0.783416127480401
"829",2011-06-18,1.36344969199179,1700,NA,0.192506304181583,1040.24616836097,NA
"830",2011-06-18,1.36344969199179,1800,NA,0.200018919593051,1040.24616836097,NA
"831",2011-12-17,1.86173853524983,50,NA,0.714391252569927,1038.4053726948,NA
"832",2011-12-17,1.86173853524983,100,0.578326638227366,0.600175031743995,1038.4053726948,938.533491472015
"833",2011-12-17,1.86173853524983,150,0.449761889053667,0.519718243762542,1038.4053726948,888.559115227202
"834",2011-12-17,1.86173853524983,200,0.458251604745703,0.464886685244746,1038.4053726948,838.789729026085
"835",2011-12-17,1.86173853524983,225,0.456583737709417,0.460637066012065,1038.4053726948,814.097214091849
"836",2011-12-17,1.86173853524983,250,0.446116769039732,0.449050812626423,1038.4053726948,789.404699155648
"837",2011-12-17,1.86173853524983,275,0.436922759277101,0.474863929143548,1038.4053726948,765.327154350193
"838",2011-12-17,1.86173853524983,280,0.433366997190375,0.471641658682316,1038.4053726948,760.404025616442
"839",2011-12-17,1.86173853524983,300,0.419200890051199,0.45594294281267,1038.4053726948,740.660263170632
"840",2011-12-17,1.86173853524983,325,0.406399145163489,0.441842420573351,1038.4053726948,716.172738277923
"841",2011-12-17,1.86173853524983,350,0.397603567712922,0.430719811434042,1038.4053726948,691.890203429364
"842",2011-12-17,1.86173853524983,375,0.380626135179924,0.421355842577503,1038.4053726948,667.556421070996
"843",2011-12-17,1.86173853524983,400,0.376674035092774,0.390971674956429,1038.4053726948,642.863906137056
"844",2011-12-17,1.86173853524983,425,0.371101466613137,0.400798958021864,1038.4053726948,619.760064033961
"845",2011-12-17,1.86173853524983,450,0.364470010123063,0.39199248991794,1038.4053726948,596.092499318808
"846",2011-12-17,1.86173853524983,475,0.360081214335871,0.384546070004692,1038.4053726948,572.783667175323
"847",2011-12-17,1.86173853524983,500,0.354361265659513,0.375722918129959,1038.4053726948,549.526082546807
"848",2011-12-17,1.86173853524983,525,0.349170020950725,0.368585364945737,1038.4053726948,526.627230492967
"849",2011-12-17,1.86173853524983,550,0.341001656657865,0.360215367132687,1038.4053726948,503.625883406626
"850",2011-12-17,1.86173853524983,600,0.330405205337518,0.344356274605311,1038.4053726948,458.801882016701
"851",2011-12-17,1.86173853524983,650,0.316893094010508,0.330093699909705,1038.4053726948,414.849088292887
"852",2011-12-17,1.86173853524983,700,0.305323806557311,0.316460070486275,1038.4053726948,372.331224875017
"853",2011-12-17,1.86173853524983,750,0.293600932806588,0.303194331524189,1038.4053726948,331.145796713599
"854",2011-12-17,1.86173853524983,800,0.282465361839827,0.290881921124995,1038.4053726948,291.702783945284
"855",2011-12-17,1.86173853524983,825,0.276214586362507,0.284902004811391,1038.4053726948,272.493752675516
"856",2011-12-17,1.86173853524983,850,0.270405251964783,0.279109176214554,1038.4053726948,253.848444019081
"857",2011-12-17,1.86173853524983,900,0.260303930433191,0.268014631753435,1038.4053726948,218.453984642338
"858",2011-12-17,1.86173853524983,920,0.256245938387232,0.264128027362901,1038.4053726948,205.013665979338
"859",2011-12-17,1.86173853524983,950,0.249928441650994,0.257884389891038,1038.4053726948,185.36566319133
"860",2011-12-17,1.86173853524983,975,0.24492880652111,0.252847777180406,1038.4053726948,169.743957645764
"861",2011-12-17,1.86173853524983,1000,0.239918664326354,0.246895147454085,1038.4053726948,154.480984734027
"862",2011-12-17,1.86173853524983,1025,0.234671141831651,0.242074655713886,1038.4053726948,140.089219462961
"863",2011-12-17,1.86173853524983,1050,0.228263238120636,0.238130815293819,1038.4053726948,126.273866684502
"864",2011-12-17,1.86173853524983,1075,0.223516159337572,0.232773073973833,1038.4053726948,113.205751429259
"865",2011-12-17,1.86173853524983,1100,0.220584073856595,0.228023214465287,1038.4053726948,101.52131894138
"866",2011-12-17,1.86173853524983,1125,0.21417420811085,0.223670233560817,1038.4053726948,89.683143971486
"867",2011-12-17,1.86173853524983,1150,0.20989646395505,0.218596584916256,1038.4053726948,78.9724142285372
"868",2011-12-17,1.86173853524983,1175,0.205559293997513,0.213877814410443,1038.4053726948,69.0816446037462
"869",2011-12-17,1.86173853524983,1200,0.201543141472698,0.20932742338814,1038.4053726948,60.0620827139904
"870",2011-12-17,1.86173853524983,1225,0.197684237525916,0.206759392047095,1038.4053726948,52.3237085824955
"871",2011-12-17,1.86173853524983,1250,0.194236761188054,0.202672723269391,1038.4053726948,44.9953145063837
"872",2011-12-17,1.86173853524983,1275,0.190628931621045,0.1997401422957,1038.4053726948,38.5893756778114
"873",2011-12-17,1.86173853524983,1300,0.187362899912742,0.197038078502178,1038.4053726948,32.9521494727443
"874",2011-12-17,1.86173853524983,1350,0.180814917282954,0.191214417016316,1038.4053726948,23.3688649253221
"875",2011-12-17,1.86173853524983,1400,0.174302449329875,0.186157585874666,1038.4053726948,16.0917183987368
"876",2011-12-17,1.86173853524983,1500,0.162311863703659,0.178267260514977,1038.4053726948,7.07215649009258
"877",2011-12-17,1.86173853524983,1600,0.156215569030095,0.169810880786903,1038.4053726948,2.86986061085271
"878",2011-12-17,1.86173853524983,1700,0.156822925662916,0.169251935465664,1038.4053726948,1.40930654553546
"879",2011-12-17,1.86173853524983,1800,0.158423395503823,0.181339687722318,1038.4053726948,1.02495021632833
"880",2011-12-17,1.86173853524983,1900,0.159837657145721,0.192347912114052,1038.4053726948,0.794336416134281
"881",2011-12-17,1.86173853524983,2000,0.163685441100962,0.186068066857756,1038.4053726948,0.358732576136577
"882",2012-12-22,2.87748117727584,100,0.497831522975027,0.637881079476699,1041.73285901425,942.673494440403
"883",2012-12-22,2.87748117727584,200,0.412773094599663,0.45861392968155,1041.73285901425,843.222198438795
"884",2012-12-22,2.87748117727584,250,0.384770588303327,0.442040428047304,1041.73285901425,794.528636528927
"885",2012-12-22,2.87748117727584,300,0.38048708799194,0.415675573918071,1041.73285901425,746.436036147641
"886",2012-12-22,2.87748117727584,350,0.369710989349084,0.39620913858525,1041.73285901425,699.04891232322
"887",2012-12-22,2.87748117727584,400,0.355260796373882,0.378997836692892,1041.73285901425,652.236621269937
"888",2012-12-22,2.87748117727584,450,0.34276105815132,0.36414292468721,1041.73285901425,606.364965639789
"889",2012-12-22,2.87748117727584,500,0.331981882797027,0.352349198679874,1041.73285901425,561.747490580092
"890",2012-12-22,2.87748117727584,550,0.320974959928591,0.339673308359321,1041.73285901425,517.966135904288
"891",2012-12-22,2.87748117727584,600,0.310738726135728,0.32809963583199,1041.73285901425,475.438961789707
"892",2012-12-22,2.87748117727584,650,0.299288471602868,0.307263205201318,1041.73285901425,432.127924808477
"893",2012-12-22,2.87748117727584,700,0.289275895362853,0.303062985500782,1041.73285901425,393.154262293992
"894",2012-12-22,2.87748117727584,750,0.278668246634777,0.293604954810437,1041.73285901425,354.441887419404
"895",2012-12-22,2.87748117727584,800,0.26809908917767,0.282987939596605,1041.73285901425,316.826920543351
"896",2012-12-22,2.87748117727584,825,0.26308602612249,0.277879290103461,1041.73285901425,298.672656105541
"897",2012-12-22,2.87748117727584,850,0.258314170375444,0.273040589842775,1041.73285901425,281.040966966936
"898",2012-12-22,2.87748117727584,875,0.254089103279655,0.268242043845932,1041.73285901425,263.984110548286
"899",2012-12-22,2.87748117727584,900,0.249807521056213,0.263459775912501,1041.73285901425,247.345314319212
"900",2012-12-22,2.87748117727584,925,0.245622066893021,0.258839482291574,1041.73285901425,231.22909338232
"901",2012-12-22,2.87748117727584,950,0.241503653257765,0.254347418401407,1041.73285901425,215.635447627825
"902",2012-12-22,2.87748117727584,975,0.237268919906767,0.249954828784396,1041.73285901425,200.512119597723
"903",2012-12-22,2.87748117727584,1000,0.233216614312721,0.245636942151805,1041.73285901425,185.963624321153
"904",2012-12-22,2.87748117727584,1025,0.229164871295717,0.241372135958315,1041.73285901425,171.937704294593
"905",2012-12-22,2.87748117727584,1050,0.225261502080206,0.23730702613406,1041.73285901425,158.549326819277
"906",2012-12-22,2.87748117727584,1075,0.221336265847201,0.233270293272095,1041.73285901425,145.693975970778
"907",2012-12-22,2.87748117727584,1100,0.217508347147995,0.228935892398507,1041.73285901425,133.308942871269
"908",2012-12-22,2.87748117727584,1125,0.213911936759904,0.225774793968839,1041.73285901425,121.969060230305
"909",2012-12-22,2.87748117727584,1150,0.210389479350522,0.222294044967845,1041.73285901425,111.099495319603
"910",2012-12-22,2.87748117727584,1175,0.207086404286815,0.219085665473851,1041.73285901425,100.961535721536
"911",2012-12-22,2.87748117727584,1200,0.203702972092025,0.215853396246146,1041.73285901425,91.346151346777
"912",2012-12-22,2.87748117727584,1250,0.197477017379951,0.210107540795108,1041.73285901425,74.2056836120718
"913",2012-12-22,2.87748117727584,1300,0.191841595540465,0.204882951536727,1041.73285901425,59.5735769431224
"914",2012-12-22,2.87748117727584,1350,0.185784490338764,0.200058789949027,1041.73285901425,46.9795137818897
"915",2012-12-22,2.87748117727584,1400,0.180416353130538,0.195550605156132,1041.73285901425,36.580266571879
"916",2012-12-22,2.87748117727584,1450,0.174922024478317,0.191083182897137,1041.73285901425,27.9055176480396
"917",2012-12-22,2.87748117727584,1500,0.170237906448237,0.187006219955852,1041.73285901425,21.059782046132
"918",2012-12-22,2.87748117727584,1550,0.165793468211749,0.182507926099738,1041.73285901425,15.5204845128042
"919",2012-12-22,2.87748117727584,1600,0.161285816018951,0.178180890241485,1041.73285901425,11.1831100698274
"920",2012-12-22,2.87748117727584,1700,0.15400338876885,0.171997586901907,1041.73285901425,5.74832760547289
"921",2012-12-22,2.87748117727584,1800,0.142706741633794,0.166566478026761,1041.73285901425,2.61287618135214
"922",2012-12-22,2.87748117727584,1900,0.111313377009289,0.165869548098387,1041.73285901425,1.17579428379862
"923",2012-12-22,2.87748117727584,2000,NA,0.169067202103263,1041.73285901425,NA
"924",2012-12-22,2.87748117727584,2250,NA,0.187939236518909,1041.73285901425,NA
"925",2012-12-22,2.87748117727584,2500,NA,0.190195526982152,1041.73285901425,NA
